model,seed,components,quantile,file_id,scored_points,anomaly_points,threshold,average_precision,auroc,point_precision,point_recall,point_f1,tp,fp,tn,fn,reference_event_count,predicted_event_count,matched_reference_event_count,matched_predicted_event_count,missed_reference_event_count,false_predicted_event_count,overlap_event_precision,overlap_event_recall,overlap_event_f1,duration_precision,duration_recall,duration_f1,mean_reference_coverage,median_reference_coverage,mean_fragments_per_reference,false_alarm_events_per_normal_hour,median_detection_delay_seconds,detection_delay_iqr_seconds,events_covered_10pct,events_missed_10pct,event_recall_10pct,events_covered_50pct,events_missed_50pct,event_recall_50pct
contrastive,17,representation,0.995,test1,43074,629,2.6475188732147217,0.0238434739333892,0.6423710399748594,0.0,0.0,0.0,0,0,42445,629,5,0,0,0,5,0,0.0,0.0,0.0,0.0,0.0,0.0,0.0,0.0,0.0,0.0,,,0,5,0.0,0,5,0.0
contrastive,17,representation,0.995,test2,118674,3449,2.6475188732147217,0.0311181415731967,0.5230528468605017,0.0,0.0,0.0,0,286,114939,3449,20,10,0,0,20,10,0.0,0.0,0.0,0.0,0.0,0.0,0.0,0.0,0.0,0.3124321978737253,,,0,20,0.0,0,20,0.0
contrastive,17,representation,0.995,test3,107874,1535,2.6475188732147217,0.0878135225215384,0.7494761743625336,0.0,0.0,0.0,0,190,106149,1535,8,6,0,0,8,6,0.0,0.0,0.0,0.0,0.0,0.0,0.0,0.0,0.0,0.2031239714497973,,,0,8,0.0,0,8,0.0
contrastive,17,representation,0.995,test4,39474,1157,2.6475188732147217,0.0298870706880898,0.5589501977645475,0.0,0.0,0.0,0,51,38266,1157,5,3,0,0,5,3,0.0,0.0,0.0,0.0,0.0,0.0,0.0,0.0,0.0,0.2818592269749719,,,0,5,0.0,0,5,0.0
contrastive,17,representation,0.995,test5,92274,2177,2.6475188732147217,0.0527115927046368,0.5880036102976423,0.0746887966804979,0.0082682590721175,0.0148883374689826,18,223,89874,2159,12,12,1,1,11,11,0.0833333333333333,0.0833333333333333,0.0833333333333333,0.0746887966804979,0.0082682590721175,0.0148883374689826,0.0087209302325581,0.0,0.0833333333333333,0.4395262883336848,154.0,0.0,1,11,0.0833333333333333,0,12,0.0
contrastive,2026,representation,0.995,test1,43074,629,2.627103090286255,0.0116964224375501,0.4205747417259893,0.0,0.0,0.0,0,246,42199,629,5,31,0,0,5,31,0.0,0.0,0.0,0.0,0.0,0.0,0.0,0.0,0.0,2.6292849570031804,,,0,5,0.0,0,5,0.0
contrastive,2026,representation,0.995,test2,118674,3449,2.627103090286255,0.0292576428921709,0.4836070853847097,0.0188383045525902,0.0034792693534357,0.0058737151248164,12,625,114600,3437,20,56,1,1,19,55,0.0178571428571428,0.05,0.0263157894736842,0.0188383045525902,0.0034792693534357,0.0058737151248164,0.0050420168067226,0.0,0.05,1.7183770883054894,42.0,0.0,1,19,0.05,0,20,0.0
contrastive,2026,representation,0.995,test3,107874,1535,2.627103090286255,0.0170237605718807,0.4892537855931401,0.0875,0.0136807817589576,0.0236619718309859,21,219,106120,1514,8,22,1,1,7,21,0.0454545454545454,0.125,0.0666666666666666,0.0875,0.0136807817589576,0.0236619718309859,0.0238636363636363,0.0,0.125,0.7109339000742907,1.0,0.0,1,7,0.125,0,8,0.0
contrastive,2026,representation,0.995,test4,39474,1157,2.627103090286255,0.0242822242446894,0.3250760176969771,0.0,0.0,0.0,0,203,38114,1157,5,17,0,0,5,17,0.0,0.0,0.0,0.0,0.0,0.0,0.0,0.0,0.0,1.5972022861915076,,,0,5,0.0,0,5,0.0
contrastive,2026,representation,0.995,test5,92274,2177,2.627103090286255,0.0220393048089544,0.4703439567039595,0.0344827586206896,0.00367478180983,0.0066417600664176,8,224,89873,2169,12,25,1,1,11,24,0.04,0.0833333333333333,0.054054054054054,0.0344827586206896,0.00367478180983,0.0066417600664176,0.0043572984749455,0.0,0.0833333333333333,0.958966447273494,94.0,0.0,0,12,0.0,0,12,0.0
contrastive,42,representation,0.995,test1,43074,629,2.5369293689727783,0.0193320551839703,0.5576422569486258,0.0,0.0,0.0,0,60,42385,629,5,6,0,0,5,6,0.0,0.0,0.0,0.0,0.0,0.0,0.0,0.0,0.0,0.5088938626457769,,,0,5,0.0,0,5,0.0
contrastive,42,representation,0.995,test2,118674,3449,2.5369293689727783,0.0302863000452661,0.4845494082606289,0.0789473684210526,0.0052189040301536,0.0097905901550176,18,210,115015,3431,20,16,1,1,19,15,0.0625,0.05,0.0555555555555555,0.0789473684210526,0.0052189040301536,0.0097905901550176,0.003515625,0.0,0.05,0.468648296810588,166.0,0.0,0,20,0.0,0,20,0.0
contrastive,42,representation,0.995,test3,107874,1535,2.5369293689727783,0.0137421459182939,0.4660689847749835,0.0,0.0,0.0,0,970,105369,1535,8,49,0,0,8,49,0.0,0.0,0.0,0.0,0.0,0.0,0.0,0.0,0.0,1.6588457668400116,,,0,8,0.0,0,8,0.0
contrastive,42,representation,0.995,test4,39474,1157,2.5369293689727783,0.0260143279142536,0.3288271368747573,0.0344036697247706,0.0129645635263612,0.0188323917137476,15,421,37896,1142,5,29,1,1,4,28,0.0344827586206896,0.2,0.0588235294117647,0.0344036697247706,0.0129645635263612,0.0188323917137476,0.0116279069767441,0.0,0.2,2.630686118433071,9.0,0.0,0,5,0.0,0,5,0.0
contrastive,42,representation,0.995,test5,92274,2177,2.5369293689727783,0.0263820942962122,0.5054511044542617,0.0,0.0,0.0,0,112,89985,2177,12,13,0,0,12,13,0.0,0.0,0.0,0.0,0.0,0.0,0.0,0.0,0.0,0.5194401589398093,,,0,12,0.0,0,12,0.0
full,17,prediction,0.995,test1,43074,629,6.383033275604248,0.7147887157237319,0.9584403158225336,0.294578313253012,0.7774244833068362,0.4272608125819135,489,1171,41274,140,5,407,5,5,0,402,0.0122850122850122,1.0,0.0242718446601941,0.294578313253012,0.7774244833068362,0.4272608125819135,0.7712244923102298,0.9105263157894736,3.8,34.09588879726705,18.0,20.0,5,0,1.0,4,1,0.8
full,17,prediction,0.995,test2,118674,3449,6.383033275604248,0.4488033108032607,0.8636040092244547,0.4258229021789522,0.5326181501884604,0.4732706427927347,1837,2477,112748,1612,20,1281,19,19,1,1262,0.0148321623731459,0.95,0.0292083013066871,0.4258229021789522,0.5326181501884604,0.4732706427927347,0.537325930296105,0.5438905291846469,6.2,39.42894337166414,30.0,39.0,18,2,0.9,11,9,0.55
full,17,prediction,0.995,test3,107874,1535,6.383033275604248,0.6696240687415772,0.9506672793386206,0.2818494835218888,0.7465798045602606,0.4092126405998929,1146,2920,103419,389,8,1128,8,8,0,1120,0.0070921985815602,1.0,0.0140845070422535,0.2818494835218888,0.7465798045602606,0.4092126405998929,0.7471547553444713,0.885705031310732,2.25,37.91647467062884,5.0,15.25,8,0,1.0,6,2,0.75
full,17,prediction,0.995,test4,39474,1157,6.383033275604248,0.4727200272626956,0.8390153680678055,0.07269060104881,0.7787381158167676,0.1329693034238488,901,11494,26823,256,5,2097,5,5,0,2092,0.0023843586075345,1.0,0.0047573739295908,0.07269060104881,0.7787381158167676,0.1329693034238488,0.7886967264459538,0.8015267175572519,9.6,196.54983427721376,23.0,15.0,5,0,1.0,5,0,1.0
full,17,prediction,0.995,test5,92274,2177,6.383033275604248,0.5968535516159538,0.9140551874655136,0.225608051439754,0.7413872301332108,0.3459436287643339,1614,5540,84557,563,12,2274,12,12,0,2262,0.0052770448548812,1.0,0.0104986876640419,0.225608051439754,0.7413872301332108,0.3459436287643339,0.7746283535714594,0.8882315521628499,7.25,90.38258765552682,9.0,32.25,12,0,1.0,11,1,0.9166666666666666
full,17,reconstruction,0.995,test1,43074,629,4.721846580505371,0.711375163122304,0.9554374959383516,0.1237069875448596,0.931637519872814,0.2184122251211331,586,4151,38294,43,5,652,5,5,0,647,0.0076687116564417,1.0,0.015220700152207,0.1237069875448596,0.931637519872814,0.2184122251211331,0.9242658009389444,0.9550561797752808,1.0,54.87572152196961,4.0,13.0,5,0,1.0,5,0,1.0
full,17,reconstruction,0.995,test2,118674,3449,4.721846580505371,0.4485117411835723,0.8724757522768776,0.1457894736842105,0.722818208176283,0.2426395445033821,2493,14607,100618,956,20,1710,20,20,0,1690,0.0116959064327485,1.0,0.0231213872832369,0.1457894736842105,0.722818208176283,0.2426395445033821,0.7096613692338521,0.8013941208667374,3.3,52.80104144065958,21.0,29.5,18,2,0.9,16,4,0.8
full,17,reconstruction,0.995,test3,107874,1535,4.721846580505371,0.6644543961549408,0.9655251000633368,0.1177748804867448,0.8827361563517915,0.2078220858895705,1355,10150,96189,180,8,867,8,8,0,859,0.0092272202998846,1.0,0.0182857142857142,0.1177748804867448,0.8827361563517915,0.2078220858895705,0.8944278170132229,0.9876114081996434,3.0,29.080581912562653,0.0,0.5,8,0,1.0,7,1,0.875
full,17,reconstruction,0.995,test4,39474,1157,4.721846580505371,0.4104397513197156,0.824143141160436,0.0453686976515027,0.9550561797752808,0.0866225061733234,1105,23251,15066,52,5,2135,5,5,0,2130,0.0023419203747072,1.0,0.0046728971962616,0.0453686976515027,0.9550561797752808,0.0866225061733234,0.957728535500415,0.9695817490494296,5.0,200.12005115223008,8.0,3.0,5,0,1.0,5,0,1.0
full,17,reconstruction,0.995,test5,92274,2177,4.721846580505371,0.5703220934486971,0.912588315408684,0.0686755926096018,0.8929719797887,0.1275423172811967,1944,26363,63734,233,12,2197,12,12,0,2185,0.0054619936276741,1.0,0.0108646446355817,0.0686755926096018,0.8929719797887,0.1275423172811967,0.9082138079309916,0.9722328244274808,1.9166666666666667,87.30590363719102,1.5,5.0,12,0,1.0,12,0,1.0
full,17,reconstruction+prediction,0.995,test1,43074,629,4.6038899421691895,0.7227098222871586,0.9584443798118242,0.1618835330175536,0.9236883942766296,0.2754860123281176,581,3008,39437,48,5,544,5,5,0,539,0.0091911764705882,1.0,0.0182149362477231,0.1618835330175536,0.9236883942766296,0.2754860123281176,0.9150499040538744,0.9550561797752808,1.6,45.71563199434562,4.0,15.0,5,0,1.0,5,0,1.0
full,17,reconstruction+prediction,0.995,test2,118674,3449,4.6038899421691895,0.4583627616135996,0.8732278111811317,0.17342260388618,0.6909249057697884,0.2772542175683537,2383,11358,103867,1066,20,1414,20,20,0,1394,0.0141442715700141,1.0,0.0278940027894002,0.17342260388618,0.6909249057697884,0.2772542175683537,0.6844415550569986,0.7486235873659809,2.75,43.553048383597314,21.5,36.5,18,2,0.9,16,4,0.8
full,17,reconstruction+prediction,0.995,test3,107874,1535,4.6038899421691895,0.6717892555955696,0.962993408119868,0.1313151766730788,0.8449511400651466,0.2273045916579039,1297,8580,97759,238,8,839,8,8,0,831,0.0095351609058402,1.0,0.0188902007083825,0.1313151766730788,0.8449511400651466,0.2273045916579039,0.8497840752582614,0.9584754912545886,3.125,28.13267004579693,0.0,1.5,8,0,1.0,7,1,0.875
full,17,reconstruction+prediction,0.995,test4,39474,1157,4.6038899421691895,0.4342649608927115,0.8329330838775264,0.0481185555505959,0.9317199654278306,0.0915110356536502,1078,21325,16992,79,5,1881,5,5,0,1876,0.0026581605528973,1.0,0.0053022269353128,0.0481185555505959,0.9317199654278306,0.0915110356536502,0.9367505787678494,0.946768060836502,5.6,176.2559699350158,7.0,13.0,5,0,1.0,5,0,1.0
full,17,reconstruction+prediction,0.995,test5,92274,2177,4.6038899421691895,0.591078331979945,0.9155579979234242,0.080169662355115,0.8768948093706936,0.1469083073608064,1909,21903,68194,268,12,1984,12,12,0,1972,0.0060483870967741,1.0,0.0120240480961923,0.080169662355115,0.8768948093706936,0.1469083073608064,0.8955379377164658,0.9619910941475828,2.1666666666666665,78.79507641763877,1.5,6.75,12,0,1.0,12,0,1.0
full,17,representation,0.995,test1,43074,629,3.6727194786071777,0.0360559613546486,0.7737471161126688,0.0378771195771856,0.273449920508744,0.0665377176015473,172,4369,38076,457,5,97,4,4,1,93,0.0412371134020618,0.8,0.0784313725490196,0.0378771195771856,0.273449920508744,0.0665377176015473,0.2194756981740064,0.2653061224489796,1.4,7.887854871009542,61.5,45.5,4,1,0.8,0,5,0.0
full,17,representation,0.995,test2,118674,3449,3.6727194786071777,0.045524277016172,0.6861911304549239,0.0474613686534216,0.3366193099449115,0.0831930063415857,1161,23301,91924,2288,20,500,18,18,2,482,0.036,0.9,0.0692307692307692,0.0474613686534216,0.3366193099449115,0.0831930063415857,0.3068101679501692,0.3235243055555555,1.25,15.05923193751356,53.0,74.75,14,6,0.7,4,16,0.2
full,17,representation,0.995,test3,107874,1535,3.6727194786071777,0.0382590953129323,0.7838567015395695,0.034350788761318,0.2397394136807817,0.0600914435009797,368,10345,95994,1167,8,188,5,5,3,183,0.026595744680851,0.625,0.0510204081632653,0.034350788761318,0.2397394136807817,0.0600914435009797,0.2058128432956414,0.2044169211627644,0.75,6.195281129218818,114.0,89.0,5,3,0.625,0,8,0.0
full,17,representation,0.995,test4,39474,1157,3.6727194786071777,0.0228490082778453,0.4151746984268002,0.023817716098941,0.5384615384615384,0.0456176319835981,623,25534,12783,534,5,264,5,5,0,259,0.0189393939393939,1.0,0.037174721189591,0.023817716098941,0.5384615384615384,0.0456176319835981,0.5653037816456453,0.5078740157480315,1.8,24.33384659550591,124.0,49.0,5,0,1.0,3,2,0.6
full,17,representation,0.995,test5,92274,2177,3.6727194786071777,0.0341556535702248,0.6730342062965884,0.036765525699632,0.605879650895728,0.0693243633879063,1319,34557,55540,858,12,533,12,12,0,521,0.0225140712945591,1.0,0.0440366972477064,0.036765525699632,0.605879650895728,0.0693243633879063,0.5917097510068344,0.6868106617647058,1.8333333333333333,20.817563292895432,33.5,104.0,11,1,0.9166666666666666,8,4,0.6666666666666666
full,17,representation+prediction,0.995,test1,43074,629,3.691631555557251,0.6946660349366441,0.9649876647624598,0.1589330369547096,0.9093799682034976,0.2705771050141911,572,3027,39418,57,5,649,5,5,0,644,0.0077041602465331,1.0,0.0152905198776758,0.1589330369547096,0.9093799682034976,0.2705771050141911,0.8996580762701296,0.9550561797752808,2.6,54.62127459064672,4.0,16.0,5,0,1.0,5,0,1.0
full,17,representation+prediction,0.995,test2,118674,3449,3.691631555557251,0.4002025377136023,0.8613465882080146,0.1517374774894951,0.6596114815888663,0.2467194447456892,2275,12718,102507,1174,20,2859,20,20,0,2839,0.0069954529555788,1.0,0.0138937130948245,0.1517374774894951,0.6596114815888663,0.2467194447456892,0.6559096169184627,0.7103993090835197,5.1,88.69950097635062,25.0,35.75,18,2,0.9,16,4,0.8
full,17,representation+prediction,0.995,test3,107874,1535,3.691631555557251,0.6445843637116198,0.9468332868091056,0.1264308549035784,0.7986970684039087,0.2183048433048433,1226,8471,97868,309,8,1318,8,8,0,1310,0.0060698027314112,1.0,0.0120663650075414,0.1264308549035784,0.7986970684039087,0.2183048433048433,0.7922952253493042,0.9415583810721438,3.375,44.34873376653909,2.0,26.75,8,0,1.0,6,2,0.75
full,17,representation+prediction,0.995,test4,39474,1157,3.691631555557251,0.4280285358725271,0.815168978053232,0.0417525172025035,0.9282627484874676,0.0799107142857142,1074,24649,13668,83,5,2273,5,5,0,2268,0.0021997360316761,1.0,0.0043898156277436,0.0417525172025035,0.9282627484874676,0.0799107142857142,0.9330087389402282,0.975,4.6,213.0855755930788,23.0,28.0,5,0,1.0,5,0,1.0
full,17,representation+prediction,0.995,test5,92274,2177,3.691631555557251,0.5662539604505542,0.9208088384545112,0.0727400867984717,0.9007808911345888,0.1346101043382756,1961,24998,65099,216,12,3540,12,12,0,3528,0.0033898305084745,1.0,0.0067567567567567,0.0727400867984717,0.9007808911345888,0.1346101043382756,0.9127542777628028,0.9638994910941476,3.333333333333333,140.96806774920364,3.5,7.25,12,0,1.0,12,0,1.0
full,17,representation+reconstruction,0.995,test1,43074,629,3.4807496070861816,0.7002380935510585,0.9617581978810696,0.1177299255383376,0.9300476947535772,0.2090032154340836,585,4384,38061,44,5,434,5,5,0,429,0.0115207373271889,1.0,0.0227790432801822,0.1177299255383376,0.9300476947535772,0.2090032154340836,0.9230067946752918,0.9438202247191012,1.2,36.38591117917305,5.0,15.0,5,0,1.0,5,0,1.0
full,17,representation+reconstruction,0.995,test2,118674,3449,3.4807496070861816,0.4214461505209464,0.8721242798938454,0.1090569173244703,0.7610901710640765,0.1907772811512046,2625,21445,93780,824,20,1912,20,20,0,1892,0.0104602510460251,1.0,0.020703933747412,0.1090569173244703,0.7610901710640765,0.1907772811512046,0.7463126647766041,0.8468787026066351,3.05,59.11217183770884,18.0,35.75,19,1,0.95,16,4,0.8
full,17,representation+reconstruction,0.995,test3,107874,1535,3.4807496070861816,0.6482693123246648,0.9603903630308,0.0965938350621643,0.8553745928338762,0.1735854045478582,1313,12280,94059,222,8,762,8,8,0,754,0.0104986876640419,1.0,0.0207792207792207,0.0965938350621643,0.8553745928338762,0.1735854045478582,0.8531187155156695,0.9783521220575851,2.375,25.5259124121912,0.5,18.0,8,0,1.0,6,2,0.75
full,17,representation+reconstruction,0.995,test4,39474,1157,3.4807496070861816,0.3933514514563936,0.8067646304700705,0.0372105385560982,0.9680207433016422,0.0716662400819042,1120,28979,9338,37,5,1303,5,5,0,1298,0.0038372985418265,1.0,0.0076452599388379,0.0372105385560982,0.9680207433016422,0.0716662400819042,0.9706360321372042,0.9916666666666668,2.4,121.95109220450452,7.0,10.0,5,0,1.0,5,0,1.0
full,17,representation+reconstruction,0.995,test5,92274,2177,3.4807496070861816,0.5565081155297343,0.9180756539694122,0.054802244717128,0.9375287092328892,0.1035514967021816,2041,35202,54895,136,12,1818,12,12,0,1806,0.0066006600660066,1.0,0.0131147540983606,0.054802244717128,0.9375287092328892,0.1035514967021816,0.9453058187046816,0.9865524587253685,2.0,72.16222515733043,0.0,3.25,12,0,1.0,12,0,1.0
full,17,representation+reconstruction+prediction,0.99,test1,43074,629,2.852345943450928,0.716386129697177,0.9625085938391046,0.0850694444444444,0.9348171701112876,0.1559474870706803,588,6324,36121,41,5,1395,5,5,0,1390,0.003584229390681,1.0,0.0071428571428571,0.0850694444444444,0.9348171701112876,0.1559474870706803,0.9283474335920056,0.9550561797752808,1.0,117.89374484627164,4.0,13.0,5,0,1.0,5,0,1.0
full,17,representation+reconstruction+prediction,0.99,test2,118674,3449,2.852345943450928,0.4413634159855127,0.8749458372474694,0.1045153756325418,0.7784865178312554,0.184289097086379,2685,23005,92220,764,20,2618,20,20,0,2598,0.0076394194041252,1.0,0.0151630022744503,0.1045153756325418,0.7784865178312554,0.184289097086379,0.7621344268374346,0.8771954279342069,3.55,81.16988500759385,19.5,34.25,19,1,0.95,16,4,0.8
full,17,representation+reconstruction+prediction,0.99,test3,107874,1535,2.852345943450928,0.6607660717971182,0.9610741573726188,0.0922787193973634,0.8938110749185668,0.1672864719868317,1372,13496,92843,163,8,1459,8,8,0,1451,0.0054832076764907,1.0,0.0109066121336059,0.0922787193973634,0.8938110749185668,0.1672864719868317,0.8957106028548323,0.986935866983373,3.875,49.12214709560932,0.0,1.5,8,0,1.0,8,0,1.0
full,17,representation+reconstruction+prediction,0.99,test4,39474,1157,2.852345943450928,0.4212533135762993,0.8231542225571338,0.0355355199751282,0.9878997407087294,0.0686033251305443,1143,31022,7295,14,5,1533,5,5,0,1528,0.0032615786040443,1.0,0.0065019505851755,0.0355355199751282,0.9878997407087294,0.0686033251305443,0.9891446775259964,1.0,1.8,143.56029960591903,0.0,9.0,5,0,1.0,5,0,1.0
full,17,representation+reconstruction+prediction,0.99,test5,92274,2177,2.852345943450928,0.5826353600611215,0.9213051187637208,0.0515022540106278,0.9393661001378044,0.0976506541877566,2045,37662,52435,132,12,2805,12,12,0,2793,0.0042780748663101,1.0,0.0085197018104366,0.0515022540106278,0.9393661001378044,0.0976506541877566,0.947589244042153,0.9865524587253685,2.4166666666666665,111.59972030145288,0.0,3.25,12,0,1.0,12,0,1.0
full,17,representation+reconstruction+prediction,0.9925,test1,43074,629,3.13295316696167,0.716386129697177,0.9625085938391046,0.1060140870507495,0.9332273449920508,0.1903989620499513,587,4950,37495,42,5,929,5,5,0,924,0.0053821313240043,1.0,0.0107066381156316,0.1060140870507495,0.9332273449920508,0.1903989620499513,0.9263066172654753,0.9550561797752808,1.0,78.36965484744964,4.0,13.0,5,0,1.0,5,0,1.0
full,17,representation+reconstruction+prediction,0.9925,test2,118674,3449,3.13295316696167,0.4413634159855127,0.8749458372474694,0.1153251799196432,0.7573209625978544,0.2001685952946586,2612,20037,95188,837,20,2266,20,20,0,2246,0.0088261253309797,1.0,0.0174978127734033,0.1153251799196432,0.7573209625978544,0.2001685952946586,0.7418123786332451,0.8640527300967781,3.65,70.17227164243872,21.5,36.5,19,1,0.95,16,4,0.8
full,17,representation+reconstruction+prediction,0.9925,test3,107874,1535,3.13295316696167,0.6607660717971182,0.9610741573726188,0.0992807889078371,0.8723127035830619,0.1782718679270403,1339,12148,94191,196,8,1134,8,8,0,1126,0.0070546737213403,1.0,0.0140105078809106,0.0992807889078371,0.8723127035830619,0.1782718679270403,0.8725129395312433,0.985748218527316,2.75,38.11959864207864,0.0,1.5,8,0,1.0,7,1,0.875
full,17,representation+reconstruction+prediction,0.9925,test4,39474,1157,3.13295316696167,0.4212533135762993,0.8231542225571338,0.0371025893149786,0.9783923941227312,0.0714939842738497,1132,29378,8939,25,5,1622,5,5,0,1617,0.00308261405672,1.0,0.0061462814996926,0.0371025893149786,0.9783923941227312,0.0714939842738497,0.9806756025725792,1.0,2.4,151.92212333950988,0.0,12.0,5,0,1.0,5,0,1.0
full,17,representation+reconstruction+prediction,0.9925,test5,92274,2177,3.13295316696167,0.5826353600611215,0.9213051187637208,0.0556045409456629,0.926963711529628,0.1049156463646052,2018,34274,55823,159,12,2581,12,12,0,2569,0.0046493607129019,1.0,0.0092556883918241,0.0556045409456629,0.926963711529628,0.1049156463646052,0.9378453234203612,0.9846440617788036,2.333333333333333,102.64936679356693,0.0,3.25,12,0,1.0,12,0,1.0
full,17,representation+reconstruction+prediction,0.995,test1,43074,629,3.5485594272613525,0.716386129697177,0.9625085938391046,0.1342358880220284,0.9300476947535772,0.234609985963505,585,3773,38672,44,5,559,5,5,0,554,0.0089445438282647,1.0,0.0177304964539007,0.1342358880220284,0.9300476947535772,0.234609985963505,0.9232131693599972,0.9550561797752808,1.4,46.98786665096007,4.0,15.0,5,0,1.0,5,0,1.0
full,17,representation+reconstruction+prediction,0.995,test2,118674,3449,3.5485594272613525,0.4413634159855127,0.8749458372474694,0.1318050065876153,0.7251377210785735,0.2230645736710667,2501,16474,98751,948,20,1868,20,20,0,1848,0.0107066381156316,1.0,0.021186440677966,0.1318050065876153,0.7251377210785735,0.2230645736710667,0.7140677083166805,0.8152387391738305,3.15,57.73747016706445,22.0,27.0,18,2,0.9,16,4,0.8
full,17,representation+reconstruction+prediction,0.995,test3,107874,1535,3.5485594272613525,0.6607660717971182,0.9610741573726188,0.1092310269726922,0.8495114006514658,0.1935723298448749,1304,10634,95705,231,8,857,8,8,0,849,0.0093348891481913,1.0,0.0184971098265895,0.1092310269726922,0.8495114006514658,0.1935723298448749,0.8484307287899924,0.977164473601528,2.625,28.742041960146324,0.0,3.0,8,0,1.0,6,2,0.75
full,17,representation+reconstruction+prediction,0.995,test4,39474,1157,3.5485594272613525,0.4212533135762993,0.8231542225571338,0.0399145451308527,0.9688850475367328,0.0766705423705628,1121,26964,11353,36,5,1672,5,5,0,1667,0.0029904306220095,1.0,0.0059630292188431,0.0399145451308527,0.9688850475367328,0.0766705423705628,0.9721103564344532,1.0,3.6,156.6197771224261,0.0,12.0,5,0,1.0,5,0,1.0
full,17,representation+reconstruction+prediction,0.995,test5,92274,2177,3.5485594272613525,0.5826353600611215,0.9213051187637208,0.0620448223048791,0.911805236564079,0.1161837869476148,1985,30008,60089,192,12,2251,12,12,0,2239,0.0053309640159928,1.0,0.0106053910737958,0.0620448223048791,0.911805236564079,0.1161837869476148,0.9244300949498152,0.9783078880407124,2.25,89.46357814355639,0.0,3.25,12,0,1.0,12,0,1.0
full,17,representation+reconstruction+prediction,0.9975,test1,43074,629,4.401556491851807,0.716386129697177,0.9625085938391046,0.1816461684011353,0.9157392686804452,0.303157894736842,576,2595,39850,53,5,277,5,5,0,272,0.0180505415162454,1.0,0.0354609929078014,0.1816461684011353,0.9157392686804452,0.303157894736842,0.906822191916388,0.9550561797752808,1.4,23.069855106608557,4.0,16.0,5,0,1.0,5,0,1.0
full,17,representation+reconstruction+prediction,0.9975,test2,118674,3449,4.401556491851807,0.4413634159855127,0.8749458372474694,0.1684684031052746,0.6732386198898231,0.2694986072423398,2322,11461,103764,1127,20,1262,18,18,2,1244,0.0142630744849445,0.9,0.0280811232449297,0.1684684031052746,0.6732386198898231,0.2694986072423398,0.668084644592103,0.7287903667214013,3.1,38.86656541549143,22.0,37.75,18,2,0.9,16,4,0.8
full,17,representation+reconstruction+prediction,0.9975,test3,107874,1535,4.401556491851807,0.6607660717971182,0.9610741573726188,0.1318234004801169,0.8228013029315961,0.2272400143936668,1263,8318,98021,272,8,600,8,8,0,592,0.0133333333333333,1.0,0.0263157894736842,0.1318234004801169,0.8228013029315961,0.2272400143936668,0.8223866710243684,0.9612780028876158,1.625,20.04156518304667,0.5,11.25,8,0,1.0,6,2,0.75
full,17,representation+reconstruction+prediction,0.9975,test4,39474,1157,4.401556491851807,0.4212533135762993,0.8231542225571338,0.0462355379036435,0.9256698357821952,0.0880720365116566,1071,22093,16224,86,5,1646,5,5,0,1641,0.0030376670716889,1.0,0.0060569351907934,0.0462355379036435,0.9256698357821952,0.0880720365116566,0.9305468627693416,0.975,4.6,154.17699715530966,7.0,17.0,5,0,1.0,5,0,1.0
full,17,representation+reconstruction+prediction,0.9975,test5,92274,2177,4.401556491851807,0.5826353600611215,0.9213051187637208,0.0771527721733516,0.8782728525493799,0.1418450239252198,1912,22870,67227,265,12,1705,12,12,0,1693,0.0070381231671554,1.0,0.0139778683750728,0.0771527721733516,0.8782728525493799,0.1418450239252198,0.8956570802260599,0.9561068702290076,2.0,67.6470914680844,1.5,7.5,12,0,1.0,12,0,1.0
full,17,representation+reconstruction+prediction,0.999,test1,43074,629,6.715356826782227,0.716386129697177,0.9625085938391046,0.290454016298021,0.7933227344992051,0.4252236898167874,499,1219,41226,130,5,110,5,5,0,105,0.0454545454545454,1.0,0.0869565217391304,0.290454016298021,0.7933227344992051,0.4252236898167874,0.7774381856527354,0.9105263157894736,2.2,8.905642596301096,17.0,19.0,5,0,1.0,4,1,0.8
full,17,representation+reconstruction+prediction,0.999,test2,118674,3449,6.715356826782227,0.4413634159855127,0.8749458372474694,0.3270900732164141,0.5569730356625109,0.4121433168847886,1921,3952,111273,1528,20,609,18,18,2,591,0.0295566502463054,0.9,0.0572337042925278,0.3270900732164141,0.5569730356625109,0.4121433168847886,0.555301287722515,0.5919117647058824,3.2,18.464742894337167,30.5,35.25,18,2,0.9,13,7,0.65
full,17,representation+reconstruction+prediction,0.999,test3,107874,1535,6.715356826782227,0.6607660717971182,0.9610741573726188,0.2139517486440995,0.7452768729641693,0.3324614937518163,1144,4203,102136,391,8,411,8,8,0,403,0.0194647201946472,1.0,0.0381861575178997,0.2139517486440995,0.7452768729641693,0.3324614937518163,0.7469242402092646,0.882142085942561,2.625,13.643160082378056,5.0,16.5,8,0,1.0,6,2,0.75
full,17,representation+reconstruction+prediction,0.999,test4,39474,1157,6.715356826782227,0.4212533135762993,0.8231542225571338,0.0650982684298969,0.77009507346586,0.1200485044462409,891,12796,25521,266,5,980,5,5,0,975,0.0051020408163265,1.0,0.0101522842639593,0.0650982684298969,0.77009507346586,0.1200485044462409,0.7847820626329863,0.7480916030534351,7.4,91.60424876686588,25.0,17.0,5,0,1.0,5,0,1.0
full,17,representation+reconstruction+prediction,0.999,test5,92274,2177,6.715356826782227,0.5826353600611215,0.9213051187637208,0.151800651580523,0.7919154800183739,0.2547657750849712,1724,9633,80464,453,12,1160,12,12,0,1148,0.0103448275862068,1.0,0.0204778156996587,0.151800651580523,0.7919154800183739,0.2547657750849712,0.8149327678252458,0.8833333333333333,2.833333333333333,45.870561727915465,8.0,14.0,12,0,1.0,11,1,0.9166666666666666
full,2026,prediction,0.995,test1,43074,629,6.156305313110352,0.793174699575157,0.947785715770582,0.5653153153153153,0.7980922098569158,0.6618325642715887,502,386,42059,127,5,236,5,5,0,231,0.0211864406779661,1.0,0.0414937759336099,0.5653153153153153,0.7980922098569158,0.6618325642715887,0.8187482123245513,0.9157894736842104,2.4,19.59241371186241,16.0,52.0,5,0,1.0,5,0,1.0
full,2026,prediction,0.995,test2,118674,3449,6.156305313110352,0.502356555914503,0.8665482519011646,0.6902956785443518,0.5279791243838794,0.5983242976835881,1821,817,114408,1628,20,394,19,19,1,375,0.0482233502538071,0.95,0.0917874396135265,0.6902956785443518,0.5279791243838794,0.5983242976835881,0.5336981631191765,0.6130867709815078,3.5,11.7162074202647,31.0,32.5,17,3,0.85,12,8,0.6
full,2026,prediction,0.995,test3,107874,1535,6.156305313110352,0.7032826990824099,0.9546667465946056,0.6219578150351541,0.749185667752443,0.6796690307328606,1150,699,105640,385,8,279,8,8,0,271,0.028673835125448,1.0,0.0557491289198606,0.6219578150351541,0.749185667752443,0.6796690307328606,0.7500193620189612,0.8752213344849924,1.875,9.174432710482511,1.0,11.0,8,0,1.0,6,2,0.75
full,2026,prediction,0.995,test4,39474,1157,6.156305313110352,0.7510824198185632,0.9451460724233128,0.4757731958762886,0.797752808988764,0.5960607039070066,923,1017,37300,234,5,503,5,5,0,498,0.0099403578528827,1.0,0.0196850393700787,0.4757731958762886,0.797752808988764,0.5960607039070066,0.8162127185824847,0.8098859315589354,6.8,46.78863167784535,7.0,8.0,5,0,1.0,5,0,1.0
full,2026,prediction,0.995,test5,92274,2177,6.156305313110352,0.6957495976272264,0.934942475029299,0.6318057187622405,0.740927882406982,0.6820295983086679,1613,940,89157,564,12,429,12,12,0,417,0.0279720279720279,1.0,0.054421768707483,0.6318057187622405,0.740927882406982,0.6820295983086679,0.7852415003495931,0.9121819338422392,3.75,16.66204202137696,11.0,11.5,11,1,0.9166666666666666,11,1,0.9166666666666666
full,2026,reconstruction,0.995,test1,43074,629,5.560235500335693,0.8078980389660234,0.9428705735524942,0.2347114556416882,0.8664546899841018,0.3693663165028804,545,1777,40668,84,5,568,5,5,0,563,0.0088028169014084,1.0,0.0174520069808027,0.2347114556416882,0.8664546899841018,0.3693663165028804,0.8915379992919699,0.9263157894736842,1.0,47.75120744492873,14.0,12.0,5,0,1.0,5,0,1.0
full,2026,reconstruction,0.995,test2,118674,3449,5.560235500335693,0.5676171947675047,0.883051990064946,0.6729147141518276,0.6245288489417222,0.6478195488721804,2154,1047,114178,1295,20,133,18,18,2,115,0.1353383458646616,0.9,0.2352941176470588,0.6729147141518276,0.6245288489417222,0.6478195488721804,0.6193761821794147,0.726242193863698,2.5,3.592970275547841,25.0,25.5,18,2,0.9,14,6,0.7
full,2026,reconstruction,0.995,test3,107874,1535,5.560235500335693,0.7632297291951846,0.9840953734312852,0.589095744680851,0.8657980456026059,0.701134265365339,1329,927,105412,206,8,179,8,8,0,171,0.0446927374301676,1.0,0.0855614973262032,0.589095744680851,0.8657980456026059,0.701134265365339,0.8664525274119621,0.9544563279857398,2.25,5.789033186319224,0.0,7.75,8,0,1.0,7,1,0.875
full,2026,reconstruction,0.995,test4,39474,1157,5.560235500335693,0.7856279106805513,0.9792961951011904,0.348095083034842,0.9239412273120138,0.5056764427625354,1069,2002,36315,88,5,597,5,5,0,592,0.0083752093802345,1.0,0.0166112956810631,0.348095083034842,0.9239412273120138,0.5056764427625354,0.9312900843597104,0.9695817490494296,4.2,55.6202207897278,1.0,4.0,5,0,1.0,5,0,1.0
full,2026,reconstruction,0.995,test5,92274,2177,5.560235500335693,0.7403391157906233,0.9635153928342296,0.5549920760697306,0.8043178686265503,0.6567891972993248,1751,1404,88693,426,12,353,12,12,0,341,0.0339943342776204,1.0,0.0657534246575342,0.5549920760697306,0.8043178686265503,0.6567891972993248,0.844291061727818,0.965648854961832,2.583333333333333,13.625314938344228,3.5,13.5,12,0,1.0,11,1,0.9166666666666666
full,2026,reconstruction+prediction,0.995,test1,43074,629,4.936325073242188,0.8106176184350099,0.9470327727962176,0.3448056086679413,0.8600953895071543,0.4922656960873521,541,1028,41417,88,5,499,5,5,0,494,0.0100200400801603,1.0,0.0198412698412698,0.3448056086679413,0.8600953895071543,0.4922656960873521,0.8853620683932947,0.9210526315789472,1.2,41.8989280245023,15.0,16.0,5,0,1.0,5,0,1.0
full,2026,reconstruction+prediction,0.995,test2,118674,3449,4.936325073242188,0.5561178281122082,0.8852940302801111,0.6875615359369872,0.6074224412873297,0.645012315270936,2095,952,114273,1354,20,211,18,18,2,193,0.0853080568720379,0.9,0.1558441558441558,0.6875615359369872,0.6074224412873297,0.645012315270936,0.6140638021136885,0.7166108546776481,2.85,6.029941418962899,25.5,25.25,18,2,0.9,12,8,0.6
full,2026,reconstruction+prediction,0.995,test3,107874,1535,4.936325073242188,0.7524879876934955,0.9790955285801144,0.6115585030791094,0.8410423452768729,0.7081733406472847,1291,820,105519,244,8,240,8,8,0,232,0.0333333333333333,1.0,0.064516129032258,0.6115585030791094,0.8410423452768729,0.7081733406472847,0.8436740578760464,0.9211835334476844,3.125,7.854126896058831,0.5,9.0,8,0,1.0,7,1,0.875
full,2026,reconstruction+prediction,0.995,test4,39474,1157,4.936325073242188,0.7830074443258983,0.9713136799553396,0.3381924198250728,0.902333621434745,0.4919886899151743,1044,2043,36274,113,5,735,5,5,0,730,0.0068027210884353,1.0,0.0135135135135135,0.3381924198250728,0.902333621434745,0.4919886899151743,0.9110752550894382,0.9391634980988594,5.4,68.5857452305765,2.0,4.0,5,0,1.0,5,0,1.0
full,2026,reconstruction+prediction,0.995,test5,92274,2177,4.936325073242188,0.7316972530416278,0.9576491205678498,0.5714760638297872,0.7896187413872301,0.6630665380906461,1719,1289,88808,458,12,387,12,12,0,375,0.0310077519379844,1.0,0.0601503759398496,0.5714760638297872,0.7896187413872301,0.6630665380906461,0.8329149696587299,0.9599236641221374,2.333333333333333,14.983850738648345,3.5,15.0,11,1,0.9166666666666666,11,1,0.9166666666666666
full,2026,representation,0.995,test1,43074,629,5.326692581176758,0.3556854397949381,0.9218416950693322,0.2190530519110097,0.6104928457869634,0.3224181360201512,384,1369,41076,245,5,23,5,5,0,18,0.217391304347826,1.0,0.3571428571428571,0.2190530519110097,0.6104928457869634,0.3224181360201512,0.569520473032501,0.6333333333333333,1.0,1.5266815879373306,32.0,41.0,5,0,1.0,4,1,0.8
full,2026,representation,0.995,test2,118674,3449,5.326692581176758,0.3266438373055479,0.7848596915498255,0.3722114451988361,0.4450565381269933,0.4053875610722303,1535,2589,112636,1914,20,30,13,13,7,17,0.4333333333333333,0.65,0.5199999999999999,0.3722114451988361,0.4450565381269933,0.4053875610722303,0.3408109144799382,0.3281611293659486,0.65,0.531134736385333,59.0,25.0,13,7,0.65,5,15,0.25
full,2026,representation,0.995,test3,107874,1535,5.326692581176758,0.5079208842101623,0.9188771954286814,0.2583240223463687,0.7530944625407167,0.3846921797004992,1156,3319,103020,379,8,41,8,8,0,33,0.1951219512195122,1.0,0.326530612244898,0.2583240223463687,0.7530944625407167,0.3846921797004992,0.7048645646710676,0.791852487135506,1.125,1.1171818429738851,26.0,23.5,8,0,1.0,7,1,0.875
full,2026,representation,0.995,test4,39474,1157,5.326692581176758,0.624443528757528,0.8873302612791906,0.2304658614739955,0.808124459809853,0.3586497890295358,935,3122,35195,222,5,50,5,5,0,45,0.1,1.0,0.1818181818181818,0.2304658614739955,0.808124459809853,0.3586497890295358,0.7828512768201801,0.7900763358778626,1.0,4.227888404624579,51.0,25.0,5,0,1.0,5,0,1.0
full,2026,representation,0.995,test5,92274,2177,5.326692581176758,0.433310146065925,0.9164488792253502,0.2820723684210526,0.6302250803858521,0.3897173696918051,1372,3492,86605,805,12,44,10,10,2,34,0.2272727272727272,0.8333333333333334,0.3571428571428571,0.2820723684210526,0.6302250803858521,0.3897173696918051,0.5900150001264113,0.6708333333333334,0.8333333333333334,1.3585358003041166,42.5,8.0,10,2,0.8333333333333334,10,2,0.8333333333333334
full,2026,representation+prediction,0.995,test1,43074,629,3.726020336151123,0.7636712288748331,0.9670527706200168,0.1944444444444444,0.8680445151033387,0.3177189409368636,546,2262,40183,83,5,843,5,5,0,838,0.0059311981020166,1.0,0.0117924528301886,0.1944444444444444,0.8680445151033387,0.3177189409368636,0.8865738030871722,0.9210526315789472,3.2,71.07550948286017,15.0,44.0,5,0,1.0,5,0,1.0
full,2026,representation+prediction,0.995,test2,118674,3449,3.726020336151123,0.4830510389502674,0.8675068387949227,0.4959926723150905,0.628008118295158,0.5542476970317298,2166,2201,113024,1283,20,631,18,18,2,613,0.028526148969889,0.9,0.0552995391705069,0.4959926723150905,0.628008118295158,0.5542476970317298,0.606549895245127,0.746975546975547,2.55,19.152093729659363,30.5,31.25,17,3,0.85,14,6,0.7
full,2026,representation+prediction,0.995,test3,107874,1535,3.726020336151123,0.735456539315611,0.980528212382543,0.3545335085413929,0.8788273615635179,0.5052434456928839,1349,2456,103883,186,8,738,8,8,0,730,0.010840108401084,1.0,0.0214477211796246,0.3545335085413929,0.8788273615635179,0.5052434456928839,0.8664391614222035,0.9076659346569264,2.0,24.71341652639201,5.5,25.75,8,0,1.0,7,1,0.875
full,2026,representation+prediction,0.995,test4,39474,1157,3.726020336151123,0.8261613133275084,0.9759853710017526,0.1641131408367707,0.9628349178910977,0.2804279421019509,1114,5674,32643,43,5,1936,5,5,0,1931,0.0025826446280991,1.0,0.0051519835136527,0.1641131408367707,0.9628349178910977,0.2804279421019509,0.9639012022795924,0.975,1.6,181.4233890962236,7.0,10.0,5,0,1.0,5,0,1.0
full,2026,representation+prediction,0.995,test5,92274,2177,3.726020336151123,0.7045505309579125,0.96308261780575,0.3376278893520273,0.8185576481396417,0.4780684104627767,1782,3496,86601,395,12,1110,12,12,0,1098,0.0108108108108108,1.0,0.0213903743315508,0.3376278893520273,0.8185576481396417,0.4780684104627767,0.8504091190189231,0.94220737913486,2.583333333333333,43.87271496276235,10.0,15.0,11,1,0.9166666666666666,11,1,0.9166666666666666
full,2026,representation+reconstruction,0.995,test1,43074,629,3.7687301635742183,0.7911204060428496,0.9606317049970776,0.0962328767123287,0.8934817170111288,0.1737517390632246,562,5278,37167,67,5,861,5,5,0,856,0.0058072009291521,1.0,0.0115473441108545,0.0962328767123287,0.8934817170111288,0.1737517390632246,0.909257297537584,0.9315789473684212,1.8,72.6021910707975,13.0,12.0,5,0,1.0,5,0,1.0
full,2026,representation+reconstruction,0.995,test2,118674,3449,3.7687301635742183,0.5292181195373996,0.8911068433494013,0.5176496872207328,0.6717889243258915,0.5847318611987381,2317,2159,113066,1132,20,237,18,18,2,219,0.0759493670886076,0.9,0.1400778210116731,0.5176496872207328,0.6717889243258915,0.5847318611987381,0.6454929608408692,0.8321637426900584,1.6,6.8422651334345845,25.0,27.5,18,2,0.9,14,6,0.7
full,2026,representation+reconstruction,0.995,test3,107874,1535,3.7687301635742183,0.7716031916742594,0.988144932470132,0.3166994966075728,0.9426710097719868,0.4741153342070773,1447,3122,103217,88,8,490,8,8,0,482,0.0163265306122449,1.0,0.0321285140562249,0.3166994966075728,0.9426710097719868,0.4741153342070773,0.9387650235552474,0.953930036709134,1.25,16.31762570646705,0.0,7.5,8,0,1.0,8,0,1.0
full,2026,representation+reconstruction,0.995,test4,39474,1157,3.7687301635742183,0.8304665175011872,0.9875855036259972,0.1666910795371319,0.9835782195332756,0.2850701402805611,1138,5689,32628,19,5,1121,5,5,0,1116,0.0044603033006244,1.0,0.0088809946714031,0.1666910795371319,0.9835782195332756,0.2850701402805611,0.9843413578495304,0.9809160305343512,1.4,104.85163243468956,5.0,7.0,5,0,1.0,5,0,1.0
full,2026,representation+reconstruction,0.995,test5,92274,2177,3.7687301635742183,0.7402902871937045,0.975020850925998,0.3283946313404218,0.8654111162149747,0.4761182714177408,1884,3853,86244,293,12,604,12,12,0,592,0.0198675496688741,1.0,0.0389610389610389,0.3283946313404218,0.8654111162149747,0.4761182714177408,0.8892973301155719,0.9735693259492092,2.25,23.65450569941285,3.5,15.0,12,0,1.0,11,1,0.9166666666666666
full,2026,representation+reconstruction+prediction,0.99,test1,43074,629,2.9615285396575928,0.8018419381523225,0.959432022849733,0.0588115794819705,0.920508744038156,0.1105594806186748,579,9266,33179,50,5,2308,5,5,0,2303,0.0021663778162911,1.0,0.0043233895373973,0.0588115794819705,0.920508744038156,0.1105594806186748,0.9279867103553426,0.9421052631578948,2.6,195.33042761220403,12.0,11.0,5,0,1.0,5,0,1.0
full,2026,representation+reconstruction+prediction,0.99,test2,118674,3449,2.9615285396575928,0.5413453641800459,0.8916061953741721,0.4662385678147499,0.6946941142360105,0.5579878900791803,2396,2743,112482,1053,20,689,19,19,1,670,0.0275761973875181,0.95,0.0535966149506347,0.4662385678147499,0.6946941142360105,0.5579878900791803,0.671762079813124,0.8475929159391369,2.35,20.9329572575396,25.0,30.5,18,2,0.9,14,6,0.7
full,2026,representation+reconstruction+prediction,0.99,test3,107874,1535,2.9615285396575928,0.7753836290918313,0.9874939200191092,0.2675334187877678,0.9517915309446254,0.4176672384219554,1461,4000,102339,74,8,1415,8,8,0,1407,0.0056537102473498,1.0,0.0112438510189739,0.2675334187877678,0.9517915309446254,0.4176672384219554,0.9483772527051668,0.9642085942561004,2.625,47.63257130497748,0.0,6.75,8,0,1.0,8,0,1.0
full,2026,representation+reconstruction+prediction,0.99,test4,39474,1157,2.9615285396575928,0.8271922096984798,0.9881670373443174,0.0926417370325693,0.9956784788245462,0.1695114773396115,1152,11283,27034,5,5,3325,5,5,0,3320,0.0015037593984962,1.0,0.003003003003003,0.0926417370325693,0.9956784788245462,0.1695114773396115,0.9961114504748686,0.9961832061068704,1.4,311.9242111856356,1.0,4.0,5,0,1.0,5,0,1.0
full,2026,representation+reconstruction+prediction,0.99,test5,92274,2177,2.9615285396575928,0.7406357776106515,0.9717946694811428,0.2675469075747047,0.8842443729903537,0.4107981220657277,1925,5270,84827,252,12,1828,12,12,0,1816,0.0065645514223194,1.0,0.0130434782608695,0.2675469075747047,0.8842443729903537,0.4107981220657277,0.9057711603605306,0.9735693259492092,3.083333333333333,72.56179451036105,3.0,8.0,12,0,1.0,12,0,1.0
full,2026,representation+reconstruction+prediction,0.9925,test1,43074,629,3.238588333129883,0.8018419381523225,0.959432022849733,0.0787652270210409,0.904610492845787,0.1449127721889723,569,6655,35790,60,5,1924,5,5,0,1919,0.0025987525987525,1.0,0.0051840331778123,0.0787652270210409,0.904610492845787,0.1449127721889723,0.916570894028812,0.9421052631578948,3.0,162.7612204028743,12.0,12.0,5,0,1.0,5,0,1.0
full,2026,representation+reconstruction+prediction,0.9925,test2,118674,3449,3.238588333129883,0.5413453641800459,0.8916061953741721,0.5127256906678268,0.6833864888373442,0.5858811831966194,2357,2240,112985,1092,20,501,18,18,2,483,0.0359281437125748,0.9,0.0690978886756238,0.5127256906678268,0.6833864888373442,0.5858811831966194,0.6638078240763712,0.8475929159391369,2.4,15.090475157300936,24.5,25.25,18,2,0.9,14,6,0.7
full,2026,representation+reconstruction+prediction,0.9925,test3,107874,1535,3.238588333129883,0.7753836290918313,0.9874939200191092,0.3362956033676333,0.9368078175895764,0.4949234210979177,1438,2838,103501,97,8,1006,8,8,0,998,0.0079522862823061,1.0,0.0157790927021696,0.3362956033676333,0.9368078175895764,0.4949234210979177,0.9308575175383728,0.9551176851651912,2.125,33.78628725114962,0.0,7.5,8,0,1.0,8,0,1.0
full,2026,representation+reconstruction+prediction,0.9925,test4,39474,1157,3.238588333129883,0.8271922096984798,0.9881670373443174,0.118855009334163,0.9904926534140016,0.2122418742476155,1146,8496,29821,11,5,2748,5,5,0,2743,0.0018195050946142,1.0,0.0036324010170722,0.118855009334163,0.9904926534140016,0.2122418742476155,0.9914232915985804,0.9923664122137404,1.4,257.7132865307827,2.0,5.0,5,0,1.0,5,0,1.0
full,2026,representation+reconstruction+prediction,0.9925,test5,92274,2177,3.238588333129883,0.7406357776106515,0.9717946694811428,0.3338048090523338,0.8672485071198898,0.4820630665134687,1888,3768,86329,289,12,1343,12,12,0,1331,0.0089352196574832,1.0,0.0177121771217712,0.3338048090523338,0.8672485071198898,0.4820630665134687,0.892722640237273,0.9735693259492092,2.833333333333333,53.182680888375856,3.0,8.5,12,0,1.0,11,1,0.9166666666666666
full,2026,representation+reconstruction+prediction,0.995,test1,43074,629,3.702552318572998,0.8018419381523225,0.959432022849733,0.1357874207703559,0.8855325914149443,0.2354681885436483,557,3545,38900,72,5,1194,5,5,0,1189,0.0041876046901172,1.0,0.0083402835696413,0.1357874207703559,0.8855325914149443,0.2354681885436483,0.9040489642042504,0.9315789473684212,2.4,100.84580044763813,13.0,12.0,5,0,1.0,5,0,1.0
full,2026,representation+reconstruction+prediction,0.995,test2,118674,3449,3.702552318572998,0.5413453641800459,0.8916061953741721,0.5702561551852773,0.66483038561902,0.6139223560910307,2293,1728,113497,1156,20,305,18,18,2,287,0.0590163934426229,0.9,0.1107692307692307,0.5702561551852773,0.66483038561902,0.6139223560910307,0.6474523396230745,0.8229885057471265,1.9,8.966804078975917,25.0,28.25,18,2,0.9,14,6,0.7
full,2026,representation+reconstruction+prediction,0.995,test3,107874,1535,3.702552318572998,0.7753836290918313,0.9874939200191092,0.4537037037037037,0.9257328990228012,0.608956503106921,1421,1711,104628,114,8,572,8,8,0,564,0.0139860139860139,1.0,0.0275862068965517,0.4537037037037037,0.9257328990228012,0.608956503106921,0.9192438308198936,0.9481969337076226,1.75,19.09365331628095,0.0,9.0,8,0,1.0,8,0,1.0
full,2026,representation+reconstruction+prediction,0.995,test4,39474,1157,3.702552318572998,0.8271922096984798,0.9881670373443174,0.1812707970210743,0.9887640449438202,0.306373861810391,1144,5167,33150,13,5,1648,5,5,0,1643,0.0030339805825242,1.0,0.0060496067755595,0.1812707970210743,0.9887640449438202,0.306373861810391,0.9889814311334642,0.9916666666666668,1.4,154.3649033066263,2.0,4.0,5,0,1.0,5,0,1.0
full,2026,representation+reconstruction+prediction,0.995,test5,92274,2177,3.702552318572998,0.7406357776106515,0.9717946694811428,0.4364066193853428,0.847955902618282,0.5762447323240206,1846,2384,87713,331,12,686,12,12,0,674,0.0174927113702623,1.0,0.0343839541547277,0.4364066193853428,0.847955902618282,0.5762447323240206,0.8759961750839329,0.9716609290026444,2.833333333333333,26.93097439426396,3.5,15.0,12,0,1.0,11,1,0.9166666666666666
full,2026,representation+reconstruction+prediction,0.9975,test1,43074,629,4.831399440765381,0.8018419381523225,0.959432022849733,0.3712121212121212,0.8569157392686805,0.5180201826045171,539,913,41532,90,5,250,5,5,0,245,0.02,1.0,0.0392156862745098,0.3712121212121212,0.8569157392686805,0.5180201826045171,0.8812804357402333,0.9210526315789472,1.2,20.779832724702555,15.0,18.0,5,0,1.0,5,0,1.0
full,2026,representation+reconstruction+prediction,0.9975,test2,118674,3449,4.831399440765381,0.5413453641800459,0.8916061953741721,0.644523176852672,0.6329370832125254,0.6386775892334698,2183,1204,114021,1266,20,121,18,18,2,103,0.1487603305785124,0.9,0.2553191489361702,0.644523176852672,0.6329370832125254,0.6386775892334698,0.6191495323033696,0.788888888888889,2.15,3.218051638099371,25.5,28.25,17,3,0.85,14,6,0.7
full,2026,representation+reconstruction+prediction,0.9975,test3,107874,1535,4.831399440765381,0.7753836290918313,0.9874939200191092,0.6010591350397175,0.8872964169381108,0.7166535122336227,1362,904,105435,173,8,120,8,8,0,112,0.0666666666666666,1.0,0.125,0.6010591350397175,0.8872964169381108,0.7166535122336227,0.8783545382521745,0.9207300676735536,2.125,3.791647467062884,0.5,9.25,8,0,1.0,8,0,1.0
full,2026,representation+reconstruction+prediction,0.9975,test4,39474,1157,4.831399440765381,0.8271922096984798,0.9881670373443174,0.3692973692973693,0.958513396715644,0.5331730769230769,1109,1894,36423,48,5,406,5,5,0,401,0.0123152709359605,1.0,0.024330900243309,0.3692973692973693,0.958513396715644,0.5331730769230769,0.961581743073632,0.9806201550387597,2.0,37.67518333898792,5.0,9.0,5,0,1.0,5,0,1.0
full,2026,representation+reconstruction+prediction,0.9975,test5,92274,2177,4.831399440765381,0.7406357776106515,0.9717946694811428,0.5410296411856474,0.7965089572806615,0.6443701226309924,1734,1471,88626,443,12,203,12,12,0,191,0.0591133004926108,1.0,0.1116279069767441,0.5410296411856474,0.7965089572806615,0.6443701226309924,0.8368518617507065,0.9541984732824428,2.083333333333333,7.63177464288489,4.5,14.25,11,1,0.9166666666666666,11,1,0.9166666666666666
full,2026,representation+reconstruction+prediction,0.999,test1,43074,629,8.326396942138672,0.8018419381523225,0.959432022849733,0.6517739816031537,0.7885532591414944,0.7136690647482015,496,265,42180,133,5,22,5,5,0,17,0.2272727272727272,1.0,0.3703703703703703,0.6517739816031537,0.7885532591414944,0.7136690647482015,0.8092834237479736,0.9105263157894736,2.0,1.4418659441630346,17.0,51.0,5,0,1.0,5,0,1.0
full,2026,representation+reconstruction+prediction,0.999,test2,118674,3449,8.326396942138672,0.5413453641800459,0.8916061953741721,0.7496881496881497,0.5227602203537257,0.6159890673044073,1803,602,114623,1646,20,56,17,17,3,39,0.3035714285714285,0.85,0.4473684210526316,0.7496881496881497,0.5227602203537257,0.6159890673044073,0.520318090514757,0.5612650465591642,1.75,1.218485571707529,31.0,25.0,17,3,0.85,12,8,0.6
full,2026,representation+reconstruction+prediction,0.999,test3,107874,1535,8.326396942138672,0.7753836290918313,0.9874939200191092,0.6887725421756835,0.7713355048859935,0.727719729563614,1184,535,105804,351,8,33,8,8,0,25,0.2424242424242424,1.0,0.3902439024390244,0.6887725421756835,0.7713355048859935,0.727719729563614,0.7659495855264578,0.8716583891168215,2.5,0.8463498810408222,3.0,11.0,8,0,1.0,7,1,0.875
full,2026,representation+reconstruction+prediction,0.999,test4,39474,1157,8.326396942138672,0.8271922096984798,0.9881670373443174,0.592501536570375,0.8331892826274849,0.692528735632184,964,663,37654,193,5,83,5,5,0,78,0.0602409638554216,1.0,0.1136363636363636,0.592501536570375,0.8331892826274849,0.692528735632184,0.8439721573354502,0.8517110266159695,2.4,7.3283399013492705,7.0,8.0,5,0,1.0,5,0,1.0
full,2026,representation+reconstruction+prediction,0.999,test5,92274,2177,8.326396942138672,0.7406357776106515,0.9717946694811428,0.6882255389718076,0.7625172255397336,0.723469165395511,1660,752,89345,517,12,83,11,11,1,72,0.1325301204819277,0.9166666666666666,0.231578947368421,0.6882255389718076,0.7625172255397336,0.723469165395511,0.803278765734262,0.9125,1.75,2.876899341820482,11.0,12.0,11,1,0.9166666666666666,11,1,0.9166666666666666
full,42,prediction,0.995,test1,43074,629,6.03926420211792,0.5872526232699443,0.9537463707358312,0.1105028386050283,0.8664546899841018,0.1960079122459989,545,4387,38058,84,5,880,5,5,0,875,0.0056818181818181,1.0,0.0112994350282485,0.1105028386050283,0.8664546899841018,0.1960079122459989,0.8495298539285614,0.9550561797752808,4.0,74.21368830250913,4.0,18.0,5,0,1.0,4,1,0.8
full,42,prediction,0.995,test2,118674,3449,6.03926420211792,0.3920235818889008,0.8387531775194209,0.165869464588798,0.6233690924905769,0.2620193772469685,2150,10812,104413,1299,20,3605,20,20,0,3585,0.0055478502080443,1.0,0.0110344827586206,0.165869464588798,0.6233690924905769,0.2620193772469685,0.6101549908315645,0.6499504430538914,7.2,112.00694293773051,33.5,40.75,19,1,0.95,14,6,0.7
full,42,prediction,0.995,test3,107874,1535,6.03926420211792,0.6397214992682757,0.9339971456903868,0.2409966499162479,0.7498371335504886,0.3647599429567422,1151,3625,102714,384,8,1056,8,8,0,1048,0.0075757575757575,1.0,0.0150375939849624,0.2409966499162479,0.7498371335504886,0.3647599429567422,0.7498355355849076,0.8720686676743683,3.25,35.47898701323127,1.0,10.5,8,0,1.0,6,2,0.75
full,42,prediction,0.995,test4,39474,1157,6.03926420211792,0.4249929144536997,0.7845330730412982,0.0447657765868982,0.8375108038029386,0.0849888172608867,969,20677,17640,188,5,3331,5,5,0,3326,0.0015010507355148,1.0,0.0029976019184652,0.0447657765868982,0.8375108038029386,0.0849888172608867,0.8487662557169429,0.8565891472868217,11.2,312.4879296395856,7.0,24.0,5,0,1.0,5,0,1.0
full,42,prediction,0.995,test5,92274,2177,6.03926420211792,0.5356272814534604,0.883837591994774,0.1281011078171321,0.754248966467616,0.2190063354451484,1642,11176,78921,535,12,3908,12,12,0,3896,0.0030706243602865,1.0,0.0061224489795918,0.1281011078171321,0.754248966467616,0.2190063354451484,0.7927689760765958,0.8916666666666667,7.25,155.67221994073054,8.0,11.5,12,0,1.0,11,1,0.9166666666666666
full,42,reconstruction,0.995,test1,43074,629,6.334630012512207,0.5718442593482064,0.9522923615167556,0.0710923355461677,0.9364069952305246,0.1321516715279335,589,7696,34749,40,5,706,5,5,0,701,0.0070821529745042,1.0,0.0140646976090014,0.0710923355461677,0.9364069952305246,0.1321516715279335,0.9321582447289972,0.9438202247191012,1.6,59.4557662857816,5.0,13.0,5,0,1.0,5,0,1.0
full,42,reconstruction,0.995,test2,118674,3449,6.334630012512207,0.4107694092614161,0.8390638458004531,0.0765947562498185,0.7648593795302986,0.139245183425706,2638,31803,83422,811,20,3366,20,20,0,3346,0.005941770647653,1.0,0.0118133490844654,0.0765947562498185,0.7648593795302986,0.139245183425706,0.7528887951490507,0.8265986081932772,3.15,104.5398134085485,11.5,28.0,19,1,0.95,16,4,0.8
full,42,reconstruction,0.995,test3,107874,1535,6.334630012512207,0.6326448977540489,0.9423167803367958,0.1452559887271019,0.8058631921824104,0.2461446622226644,1237,7279,99060,298,8,723,8,8,0,715,0.0110650069156293,1.0,0.0218878248974008,0.1452559887271019,0.8058631921824104,0.2461446622226644,0.810108255015339,0.92546966098035,2.5,24.20560659776752,0.0,4.0,8,0,1.0,6,2,0.75
full,42,reconstruction,0.995,test4,39474,1157,6.334630012512207,0.3974993842904225,0.7306325711349092,0.0357108042242079,0.9498703543647364,0.0688337717650006,1099,29676,8641,58,5,1158,5,5,0,1153,0.0043177892918825,1.0,0.0085984522785898,0.0357108042242079,0.9498703543647364,0.0688337717650006,0.9538265298277444,0.965648854961832,4.0,108.32789623404754,7.0,22.0,5,0,1.0,5,0,1.0
full,42,reconstruction,0.995,test5,92274,2177,6.334630012512207,0.5372799128598348,0.8773468281918928,0.0536755789108968,0.8539274230592558,0.1010024177555622,1859,32775,57322,318,12,3460,12,12,0,3448,0.0034682080924855,1.0,0.0069124423963133,0.0536755789108968,0.8539274230592558,0.1010024177555622,0.8768623475460738,0.9518459915611814,3.4166666666666665,137.77151292495864,1.5,4.25,12,0,1.0,11,1,0.9166666666666666
full,42,reconstruction+prediction,0.995,test1,43074,629,5.350247859954834,0.5884122745856184,0.95515116260995,0.0742192438993551,0.9332273449920508,0.1375029280862028,587,7322,35123,42,5,530,5,5,0,525,0.0094339622641509,1.0,0.0186915887850467,0.0742192438993551,0.9332273449920508,0.1375029280862028,0.9282829867606416,0.9550561797752808,1.2,44.52821298150548,4.0,15.0,5,0,1.0,5,0,1.0
full,42,reconstruction+prediction,0.995,test2,118674,3449,5.350247859954834,0.4224875663093357,0.8417854814168781,0.0828710014900294,0.7579008408234271,0.1494055784179241,2614,28929,86296,835,20,2677,20,20,0,2657,0.0074710496824803,1.0,0.0148312940304041,0.0828710014900294,0.7579008408234271,0.1494055784179241,0.7498750105231042,0.8126313025210083,3.35,83.01323497504882,12.5,29.0,19,1,0.95,16,4,0.8
full,42,reconstruction+prediction,0.995,test3,107874,1535,5.350247859954834,0.6409920635652714,0.9414063431151428,0.1519443409119145,0.796742671009772,0.2552170283806343,1223,6826,99513,312,8,566,8,8,0,558,0.0141342756183745,1.0,0.0278745644599303,0.1519443409119145,0.796742671009772,0.2552170283806343,0.7994056393761229,0.9128158065212696,2.375,18.89052934483115,0.0,4.5,8,0,1.0,6,2,0.75
full,42,reconstruction+prediction,0.995,test4,39474,1157,5.350247859954834,0.4171968236239987,0.752857767580455,0.0358044526050034,0.9438202247191012,0.068991660348749,1092,29407,8910,65,5,925,5,5,0,920,0.0054054054054054,1.0,0.010752688172043,0.0358044526050034,0.9438202247191012,0.068991660348749,0.9483509693766532,0.9618320610687024,4.0,86.43682960565806,1.0,22.0,5,0,1.0,5,0,1.0
full,42,reconstruction+prediction,0.995,test5,92274,2177,5.350247859954834,0.5516875683527076,0.8829581514322472,0.0577255444175596,0.8438217730822233,0.1080588235294117,1837,29986,60111,340,12,2904,12,12,0,2892,0.0041322314049586,1.0,0.0082304526748971,0.0577255444175596,0.8438217730822233,0.1080588235294117,0.8701218529883011,0.9476793248945148,2.75,115.55545689645604,1.5,5.25,12,0,1.0,11,1,0.9166666666666666
full,42,representation,0.995,test1,43074,629,4.841780662536621,0.0297156259197228,0.7741068447130964,0.0361690904980785,0.7631160572337043,0.0690647482014388,480,12791,29654,149,5,157,5,5,0,152,0.0318471337579617,1.0,0.0617283950617284,0.0361690904980785,0.7631160572337043,0.0690647482014388,0.7117225246100805,0.7166666666666667,1.0,12.891977853693014,42.0,26.0,5,0,1.0,5,0,1.0
full,42,representation,0.995,test2,118674,3449,4.841780662536621,0.0393183472511604,0.6454211643977416,0.0469829190619959,0.6587416642505074,0.0877101549983593,2272,46086,69139,1177,20,607,19,19,1,588,0.0313014827018121,0.95,0.0606060606060606,0.0469829190619959,0.6587416642505074,0.0877101549983593,0.5700911690621279,0.6475970744263427,1.25,18.37101323497505,43.0,81.5,16,4,0.8,12,8,0.6
full,42,representation,0.995,test3,107874,1535,4.841780662536621,0.0668514676584315,0.8703270558759089,0.0932656099483317,0.6938110749185668,0.1644279759147753,1065,10354,95985,470,8,153,7,7,1,146,0.0457516339869281,0.875,0.0869565217391304,0.0932656099483317,0.6938110749185668,0.1644279759147753,0.6730476661261208,0.7420634920634921,1.0,4.942683305278401,33.0,18.5,7,1,0.875,7,1,0.875
full,42,representation,0.995,test4,39474,1157,4.841780662536621,0.0207734186637505,0.3581763864106931,0.029685800781824,0.8729472774416595,0.0574189880613985,1010,33013,5304,147,5,139,5,5,0,134,0.0359712230215827,1.0,0.0694444444444444,0.029685800781824,0.8729472774416595,0.0574189880613985,0.8864332351890548,0.9771863117870724,1.2,12.589712138215411,6.0,57.0,5,0,1.0,5,0,1.0
full,42,representation,0.995,test5,92274,2177,4.841780662536621,0.0314963367666854,0.6586575406818341,0.0371341961058645,0.8778135048231511,0.0712541247972557,1911,49551,40546,266,12,582,12,12,0,570,0.0206185567010309,1.0,0.0404040404040404,0.0371341961058645,0.8778135048231511,0.0712541247972557,0.8953049025244727,1.0,1.1666666666666667,22.77545312274549,0.0,33.5,12,0,1.0,12,0,1.0
full,42,representation+prediction,0.995,test1,43074,629,4.153081893920898,0.5468643419082939,0.9450877325393134,0.0547056096430227,0.9379968203497616,0.1033818118100578,590,10195,32250,39,5,1048,5,5,0,1043,0.0047709923664122,1.0,0.0094966761633428,0.0547056096430227,0.9379968203497616,0.1033818118100578,0.9344054357402334,0.9550561797752808,1.6,88.46271645659088,4.0,15.0,5,0,1.0,5,0,1.0
full,42,representation+prediction,0.995,test2,118674,3449,4.153081893920898,0.3341822300572677,0.8131103899294188,0.0632929169982678,0.7839953609741954,0.1171298000909661,2704,40018,75207,745,20,3754,20,20,0,3734,0.0053276505061267,1.0,0.0105988341282458,0.0632929169982678,0.7839953609741954,0.1171298000909661,0.7575071871294512,0.8678509130047506,3.7,116.66218268604904,25.0,53.25,19,1,0.95,17,3,0.85
full,42,representation+prediction,0.995,test3,107874,1535,4.153081893920898,0.6057203277751784,0.9500889647584873,0.1153446156755223,0.7947882736156352,0.201453104359313,1220,9357,96982,315,8,1115,8,8,0,1107,0.0071748878923766,1.0,0.0142475512021371,0.1153446156755223,0.7947882736156352,0.201453104359313,0.794016476165072,0.8649760141586326,4.0,37.47637273248761,0.0,30.5,8,0,1.0,7,1,0.875
full,42,representation+prediction,0.995,test4,39474,1157,4.153081893920898,0.3608311016929784,0.7073179096933918,0.0326370757180156,0.972342264477096,0.0631543492295169,1125,33345,4972,32,5,893,5,5,0,888,0.005599104143337,1.0,0.0111358574610244,0.0326370757180156,0.972342264477096,0.0631543492295169,0.9749474063833624,1.0,3.6,83.4303311845917,0.0,24.0,5,0,1.0,5,0,1.0
full,42,representation+prediction,0.995,test5,92274,2177,4.153081893920898,0.5101498155573723,0.8771641128538394,0.0434461645352498,0.9191548001837392,0.0829705187212339,2001,44056,46041,176,12,3840,12,12,0,3828,0.003125,1.0,0.0062305295950155,0.0434461645352498,0.9191548001837392,0.0829705187212339,0.9346314103042516,0.9700204154091958,4.666666666666667,152.9551483401223,0.0,3.75,12,0,1.0,12,0,1.0
full,42,representation+reconstruction,0.995,test1,43074,629,4.8350324630737305,0.5485639214711842,0.9471250272259192,0.0538641686182669,0.9507154213036566,0.1019520927457164,598,10504,31941,31,5,642,5,5,0,637,0.0077881619937694,1.0,0.0154559505409582,0.0538641686182669,0.9507154213036566,0.1019520927457164,0.950525591667773,0.9438202247191012,1.8,54.02756508422664,5.0,15.0,5,0,1.0,5,0,1.0
full,42,representation+reconstruction,0.995,test2,118674,3449,4.8350324630737305,0.3797121224035182,0.8271108658850116,0.0600915965491532,0.8179182371701943,0.1119577727507242,2821,44124,71101,628,20,2438,20,20,0,2418,0.0082034454470877,1.0,0.016273393002441,0.0600915965491532,0.8179182371701943,0.1119577727507242,0.7985169823537612,0.8967605744949495,2.35,75.54610544586679,10.0,27.5,19,1,0.95,17,3,0.85
full,42,representation+reconstruction,0.995,test3,107874,1535,4.8350324630737305,0.613538039925411,0.9524528478509496,0.1146764390418305,0.8358306188925081,0.2016819932405879,1283,9905,96434,252,8,604,8,8,0,596,0.0132450331125827,1.0,0.0261437908496732,0.1146764390418305,0.8358306188925081,0.2016819932405879,0.8344688010164117,0.9451772157794234,3.125,20.176981164013203,0.0,3.75,8,0,1.0,6,2,0.75
full,42,representation+reconstruction,0.995,test4,39474,1157,4.8350324630737305,0.366370691554586,0.6903844422621109,0.0328907402586132,0.982713915298185,0.0636511224318423,1137,33432,4885,20,5,576,5,5,0,571,0.0086805555555555,1.0,0.0172117039586919,0.0328907402586132,0.982713915298185,0.0636511224318423,0.984276011300114,1.0,2.4,53.64720620090299,0.0,1.0,5,0,1.0,5,0,1.0
full,42,representation+reconstruction,0.995,test5,92274,2177,4.8350324630737305,0.5256836349257125,0.877710854267418,0.0411208077009544,0.9242076251722554,0.07873830861347,2012,46917,43180,165,12,2443,12,12,0,2431,0.0049119934506753,1.0,0.0097759674134419,0.0411208077009544,0.9242076251722554,0.07873830861347,0.937511499616415,0.9980916030534353,2.5,97.13530972174432,0.0,0.25,12,0,1.0,12,0,1.0
full,42,representation+reconstruction+prediction,0.99,test1,43074,629,3.359577178955078,0.5728635867848553,0.952082981792017,0.0467984068627451,0.971383147853736,0.0892948483741322,611,12445,30000,18,5,863,5,5,0,858,0.0057937427578215,1.0,0.0115207373271889,0.0467984068627451,0.971383147853736,0.0892948483741322,0.97528620910221,0.9897959183673468,1.2,72.7718223583461,4.0,9.0,5,0,1.0,5,0,1.0
full,42,representation+reconstruction+prediction,0.99,test2,118674,3449,3.359577178955078,0.402379603434866,0.8346470231921724,0.0536416868315569,0.8419831835314584,0.1008578473934636,2904,51233,63992,545,20,2480,20,20,0,2460,0.0080645161290322,1.0,0.016,0.0536416868315569,0.8419831835314584,0.1008578473934636,0.8280797662940771,0.9150144432773109,2.15,76.85832067693643,9.0,27.75,19,1,0.95,17,3,0.85
full,42,representation+reconstruction+prediction,0.99,test3,107874,1535,3.359577178955078,0.6282918454818495,0.9528584647838042,0.0985844287158746,0.8892508143322475,0.1774917105519797,1365,12481,93858,170,8,868,8,8,0,860,0.0092165898617511,1.0,0.0182648401826484,0.0985844287158746,0.8892508143322475,0.1774917105519797,0.8914282826064998,0.9814121373014764,2.5,29.114435907804285,0.0,3.25,8,0,1.0,8,0,1.0
full,42,representation+reconstruction+prediction,0.99,test4,39474,1157,3.359577178955078,0.3982037911678285,0.7248612984223927,0.0315806742679025,0.9982713915298184,0.0612244897959183,1155,35418,2899,2,5,610,4,4,1,606,0.0065573770491803,0.8,0.0130081300813008,0.0315806742679025,0.9982713915298184,0.0612244897959183,0.998449239646571,1.0,1.2,56.935563848944334,0.0,0.25,5,0,1.0,5,0,1.0
full,42,representation+reconstruction+prediction,0.99,test5,92274,2177,3.359577178955078,0.544366212841244,0.8843128823199784,0.0364266675957702,0.960496095544327,0.0701913393756294,2091,55312,34785,86,12,2505,12,12,0,2493,0.0047904191616766,1.0,0.0095351609058402,0.0364266675957702,0.960496095544327,0.0701913393756294,0.9668195237533708,1.0,2.0,99.6126397105342,0.0,0.0,12,0,1.0,12,0,1.0
full,42,representation+reconstruction+prediction,0.9925,test1,43074,629,3.7757856845855713,0.5728635867848553,0.952082981792017,0.0517593064762876,0.9682034976152624,0.0982654296087131,609,11157,31288,20,5,716,5,5,0,711,0.0069832402234636,1.0,0.0138696255201109,0.0517593064762876,0.9682034976152624,0.0982654296087131,0.9712045764491484,0.9693877551020408,1.2,60.30392272352456,4.0,11.0,5,0,1.0,5,0,1.0
full,42,representation+reconstruction+prediction,0.9925,test2,118674,3449,3.7757856845855713,0.402379603434866,0.8346470231921724,0.0573664936214737,0.8266164105537837,0.1072873351271003,2851,46847,68378,598,20,2374,20,20,0,2354,0.008424599831508,1.0,0.0167084377610693,0.0573664936214737,0.8266164105537837,0.1072873351271003,0.8114935149889908,0.9091550682773109,2.3,73.54653937947495,9.0,29.25,19,1,0.95,17,3,0.85
full,42,representation+reconstruction+prediction,0.9925,test3,107874,1535,3.7757856845855713,0.6282918454818495,0.9528584647838042,0.1081762028608582,0.867100977198697,0.1923549389406749,1331,10973,95366,204,8,774,8,8,0,766,0.0103359173126615,1.0,0.0204603580562659,0.1081762028608582,0.867100977198697,0.1923549389406749,0.8665308484654928,0.9645382143356156,2.5,25.932160355090797,0.0,3.5,8,0,1.0,8,0,1.0
full,42,representation+reconstruction+prediction,0.9925,test4,39474,1157,3.7757856845855713,0.3982037911678285,0.7248612984223927,0.0322535369413878,0.993085566119274,0.0624779097903809,1149,34475,3842,8,5,662,5,5,0,657,0.0075528700906344,1.0,0.0149925037481259,0.0322535369413878,0.993085566119274,0.0624779097903809,0.993724830197752,1.0,1.6,61.72717070751885,0.0,1.0,5,0,1.0,5,0,1.0
full,42,representation+reconstruction+prediction,0.9925,test5,92274,2177,3.7757856845855713,0.544366212841244,0.8843128823199784,0.0390284725260094,0.9425815342214056,0.0749534280600504,2052,50525,39572,125,12,2663,12,12,0,2651,0.0045061960195268,1.0,0.0089719626168224,0.0390284725260094,0.9425815342214056,0.0749534280600504,0.951906963236687,1.0,3.0,105.92583548841804,0.0,0.0,12,0,1.0,12,0,1.0
full,42,representation+reconstruction+prediction,0.995,test1,43074,629,4.506260395050049,0.5728635867848553,0.952082981792017,0.0598324690865576,0.9538950715421304,0.1126020456038284,600,9428,33017,29,5,580,5,5,0,575,0.0086206896551724,1.0,0.017094017094017,0.0598324690865576,0.9538950715421304,0.1126020456038284,0.9548135990055396,0.9550561797752808,1.8,48.768995170220286,4.0,15.0,5,0,1.0,5,0,1.0
full,42,representation+reconstruction+prediction,0.995,test2,118674,3449,4.506260395050049,0.402379603434866,0.8346470231921724,0.0651312063432131,0.8002319512902291,0.1204582651391162,2760,39616,75609,689,20,2407,20,20,0,2387,0.0083090984628167,1.0,0.0164812525751957,0.0651312063432131,0.8002319512902291,0.1204582651391162,0.7854923502489305,0.8897569444444444,2.35,74.57756563245823,12.5,44.5,19,1,0.95,17,3,0.85
full,42,representation+reconstruction+prediction,0.995,test3,107874,1535,4.506260395050049,0.6282918454818495,0.9528584647838042,0.1228052967140755,0.8156351791530945,0.2134697357203751,1252,8943,97396,283,8,545,8,8,0,537,0.0146788990825688,1.0,0.0289330922242314,0.1228052967140755,0.8156351791530945,0.2134697357203751,0.8167075062588197,0.9033146188728136,3.0,18.17959544475686,0.0,3.75,8,0,1.0,6,2,0.75
full,42,representation+reconstruction+prediction,0.995,test4,39474,1157,4.506260395050049,0.3982037911678285,0.7248612984223927,0.0334998965140001,0.979256698357822,0.0647835782491852,1133,32688,5629,24,5,648,5,5,0,643,0.007716049382716,1.0,0.0153139356814701,0.0334998965140001,0.979256698357822,0.0647835782491852,0.9811626555734324,0.996124031007752,2.2,60.41182764830232,0.0,2.0,5,0,1.0,5,0,1.0
full,42,representation+reconstruction+prediction,0.995,test5,92274,2177,4.506260395050049,0.544366212841244,0.8843128823199784,0.0443691404043826,0.9021589343132752,0.0845786141854356,1964,42301,47796,213,12,2544,12,12,0,2532,0.0047169811320754,1.0,0.0093896713615023,0.0443691404043826,0.9021589343132752,0.0845786141854356,0.9193141751380196,0.9923664122137404,3.25,101.17096018735364,0.0,0.75,12,0,1.0,12,0,1.0
full,42,representation+reconstruction+prediction,0.9975,test1,43074,629,5.863649368286133,0.5728635867848553,0.952082981792017,0.0755897302228593,0.9220985691573926,0.1397253673813538,580,7093,35352,49,5,450,5,5,0,445,0.0111111111111111,1.0,0.0219780219780219,0.0755897302228593,0.9220985691573926,0.1397253673813538,0.914779082537805,0.9438202247191012,1.4,37.742961479561785,5.0,16.0,5,0,1.0,5,0,1.0
full,42,representation+reconstruction+prediction,0.9975,test2,118674,3449,5.863649368286133,0.402379603434866,0.8346470231921724,0.0852098782230083,0.7262974775297187,0.1525253447803452,2505,26893,88332,944,20,2370,19,19,1,2351,0.0080168776371308,0.95,0.0158995815899581,0.0852098782230083,0.7262974775297187,0.1525253447803452,0.708226025259181,0.7655462184873949,3.4,73.45280972011282,20.0,46.0,19,1,0.95,16,4,0.8
full,42,representation+reconstruction+prediction,0.9975,test3,107874,1535,5.863649368286133,0.6282918454818495,0.9528584647838042,0.1586531986531986,0.7674267100977199,0.2629464285714286,1178,6247,100092,357,8,509,8,8,0,501,0.0157170923379174,1.0,0.0309477756286266,0.1586531986531986,0.7674267100977199,0.2629464285714286,0.7707889330304448,0.878989419131937,2.375,16.96085161605808,1.0,15.75,8,0,1.0,6,2,0.75
full,42,representation+reconstruction+prediction,0.9975,test4,39474,1157,5.863649368286133,0.3982037911678285,0.7248612984223927,0.0351234243697479,0.9248055315471044,0.067676544068815,1070,29394,8923,87,5,761,5,5,0,756,0.0065703022339027,1.0,0.0130548302872062,0.0351234243697479,0.9248055315471044,0.067676544068815,0.9286914335424032,0.9341085271317828,4.4,71.02852519769293,7.0,24.0,5,0,1.0,5,0,1.0
full,42,representation+reconstruction+prediction,0.9975,test5,92274,2177,5.863649368286133,0.544366212841244,0.8843128823199784,0.0601770498325652,0.8337161231051906,0.1122518399406271,1815,28346,61751,362,12,2397,12,12,0,2385,0.0050062578222778,1.0,0.0099626400996264,0.0601770498325652,0.8337161231051906,0.1122518399406271,0.8646731087842868,0.9666666666666668,2.333333333333333,95.29729069780348,1.5,6.25,12,0,1.0,11,1,0.9166666666666666
full,42,representation+reconstruction+prediction,0.999,test1,43074,629,8.015871047973633,0.5728635867848553,0.952082981792017,0.109294141999586,0.8394276629570747,0.1934065934065934,528,4303,38142,101,5,346,5,5,0,341,0.0144508670520231,1.0,0.0284900284900284,0.109294141999586,0.8394276629570747,0.1934065934065934,0.8174206759877221,0.9325842696629212,3.0,28.922134527034988,6.0,18.0,5,0,1.0,4,1,0.8
full,42,representation+reconstruction+prediction,0.999,test2,118674,3449,8.015871047973633,0.402379603434866,0.8346470231921724,0.1662478404272027,0.6138011017686286,0.2616325773960328,2117,10617,104608,1332,20,1661,19,19,1,1642,0.0114388922335942,0.95,0.0226055919095776,0.1662478404272027,0.6138011017686286,0.2616325773960328,0.596044307043296,0.634459096659113,3.45,51.3013668908657,30.0,39.0,19,1,0.95,14,6,0.7
full,42,representation+reconstruction+prediction,0.999,test3,107874,1535,8.015871047973633,0.6282918454818495,0.9528584647838042,0.2525,0.7237785016286645,0.3743892165122157,1111,3289,103050,424,8,338,8,8,0,330,0.0236686390532544,1.0,0.0462427745664739,0.2525,0.7237785016286645,0.3743892165122157,0.7239361362133367,0.8463506801986611,2.375,11.171818429738854,3.0,11.25,8,0,1.0,6,2,0.75
full,42,representation+reconstruction+prediction,0.999,test4,39474,1157,8.015871047973633,0.3982037911678285,0.7248612984223927,0.0399669837959946,0.7951598962834918,0.0761085373924553,920,22099,16218,237,5,1437,5,5,0,1432,0.0034794711203897,1.0,0.0069348127600554,0.0399669837959946,0.7951598962834918,0.0761085373924553,0.810017185342762,0.8333333333333334,9.2,134.54080434271995,7.0,27.0,5,0,1.0,5,0,1.0
full,42,representation+reconstruction+prediction,0.999,test5,92274,2177,8.015871047973633,0.544366212841244,0.8843128823199784,0.1274196128619421,0.731740927882407,0.21704475781729,1593,10909,79188,584,12,1732,12,12,0,1720,0.0069284064665127,1.0,0.0137614678899082,0.1274196128619421,0.731740927882407,0.21704475781729,0.7722364752336764,0.8458333333333333,5.083333333333333,68.72592872126708,6.0,10.75,12,0,1.0,11,1,0.9166666666666666
isolation_forest,17,isolation_forest,0.995,test1,43074,629,0.5176026821136475,0.2865265323063459,0.8480822371643019,0.4253968253968254,0.4260731319554849,0.4257347100873709,268,362,42083,361,5,24,3,3,2,21,0.125,0.6,0.2068965517241379,0.4253968253968254,0.4260731319554849,0.4257347100873709,0.2839952559971356,0.0306122448979591,0.8,1.781128519260219,28.0,35.5,2,3,0.4,2,3,0.4
isolation_forest,17,isolation_forest,0.995,test2,118674,3449,0.5176026821136475,0.3325770513306143,0.8268408356310699,0.5375234521575984,0.3322702232531168,0.4106790897688586,1146,986,114239,2303,20,102,10,10,10,92,0.0980392156862745,0.5,0.1639344262295082,0.5375234521575984,0.3322702232531168,0.4106790897688586,0.249253254931835,0.0032894736842105,2.3,2.874376220438273,103.0,84.25,7,13,0.35,6,14,0.3
isolation_forest,17,isolation_forest,0.995,test3,107874,1535,0.5176026821136475,0.4555044073943135,0.97278822172578,0.4663480684986061,0.7628664495114007,0.5788433020266931,1171,1340,104999,364,8,104,8,8,0,96,0.0769230769230769,1.0,0.1428571428571428,0.4663480684986061,0.7628664495114007,0.5788433020266931,0.7410521775866694,0.8225977110775211,3.25,3.249983543196757,31.0,29.75,8,0,1.0,6,2,0.75
isolation_forest,17,isolation_forest,0.995,test4,39474,1157,0.5176026821136475,0.7569036712833557,0.9386579372021632,0.672156862745098,0.7407087294727744,0.7047697368421052,857,418,37899,300,5,47,4,4,1,43,0.0851063829787234,0.8,0.1538461538461538,0.672156862745098,0.7407087294727744,0.7047697368421052,0.6608140142650487,0.816793893129771,2.0,4.039982253307931,42.5,19.75,4,1,0.8,4,1,0.8
isolation_forest,17,isolation_forest,0.995,test5,92274,2177,0.5176026821136475,0.4858627342053805,0.9382176900352828,0.5053840631730079,0.6467615985300873,0.5673987507555914,1408,1378,88719,769,12,65,11,11,1,54,0.1692307692307692,0.9166666666666666,0.2857142857142857,0.5053840631730079,0.6467615985300873,0.5673987507555914,0.6027319968417996,0.7121124031007752,1.5,2.1576745063653617,31.0,17.0,10,2,0.8333333333333334,8,4,0.6666666666666666
isolation_forest,2026,isolation_forest,0.995,test1,43074,629,0.5187239646911621,0.3226866979049927,0.815901903164312,0.3654390934844193,0.410174880763116,0.3865168539325842,258,448,41997,371,5,46,3,3,2,43,0.0652173913043478,0.6,0.1176470588235294,0.3654390934844193,0.410174880763116,0.3865168539325842,0.2765979681346223,0.0612244897959183,2.0,3.647072682294734,28.0,51.0,2,3,0.4,1,4,0.2
isolation_forest,2026,isolation_forest,0.995,test2,118674,3449,0.5187239646911621,0.3080257414576055,0.8131597078868157,0.5156424581005586,0.2676138011017686,0.3523573200992556,923,867,114358,2526,20,100,9,9,11,91,0.09,0.45,0.15,0.5156424581005586,0.2676138011017686,0.3523573200992556,0.2087390825115784,0.0,1.85,2.843133000650901,109.0,96.0,8,12,0.4,5,15,0.25
isolation_forest,2026,isolation_forest,0.995,test3,107874,1535,0.5187239646911621,0.5142260484670983,0.9739064052206218,0.5139991642290013,0.8013029315960912,0.6262729124236253,1230,1163,105176,305,8,84,8,8,0,76,0.0952380952380952,1.0,0.1739130434782608,0.5139991642290013,0.8013029315960912,0.6262729124236253,0.786366644059057,0.815399094698158,3.375,2.5729036383640995,18.0,14.25,8,0,1.0,7,1,0.875
isolation_forest,2026,isolation_forest,0.995,test4,39474,1157,0.5187239646911621,0.7275048787245795,0.9535344386000342,0.6570121951219512,0.7450302506482281,0.6982584042122316,862,450,37867,295,5,55,4,4,1,51,0.0727272727272727,0.8,0.1333333333333333,0.6570121951219512,0.7450302506482281,0.6982584042122316,0.6644484370259353,0.8435114503816794,2.8,4.791606858574523,38.5,36.0,4,1,0.8,4,1,0.8
isolation_forest,2026,isolation_forest,0.995,test5,92274,2177,0.5187239646911621,0.485499864713584,0.940493242395226,0.49701230228471,0.6495176848874598,0.5631222620469932,1414,1431,88666,763,12,60,11,11,1,49,0.1833333333333333,0.9166666666666666,0.3055555555555556,0.49701230228471,0.6495176848874598,0.5631222620469932,0.621805091161918,0.7046511627906977,1.9166666666666667,1.9578898298500504,36.0,30.5,10,2,0.8333333333333334,9,3,0.75
isolation_forest,42,isolation_forest,0.995,test1,43074,629,0.5202727913856506,0.261380159097404,0.853899903381932,0.4391634980988593,0.3672496025437202,0.3999999999999999,231,295,42150,398,5,27,3,3,2,24,0.1111111111111111,0.6,0.1875,0.4391634980988593,0.3672496025437202,0.3999999999999999,0.2443776852846401,0.0204081632653061,1.8,2.0355754505831074,30.0,52.0,2,3,0.4,1,4,0.2
isolation_forest,42,isolation_forest,0.995,test2,118674,3449,0.5202727913856506,0.3151633833655111,0.818629866899138,0.5172981878088962,0.2731226442447086,0.3574952561669829,942,879,114346,2507,20,110,8,8,12,102,0.0727272727272727,0.4,0.123076923076923,0.5172981878088962,0.2731226442447086,0.3574952561669829,0.2105874706273619,0.0,1.6,3.1868084183119985,107.0,48.5,7,13,0.35,4,16,0.2
isolation_forest,42,isolation_forest,0.995,test3,107874,1535,0.5202727913856506,0.4501404017054495,0.9670370583316408,0.4390343698854337,0.6990228013029316,0.539331490324202,1073,1371,104968,462,8,126,8,8,0,118,0.0634920634920634,1.0,0.1194029850746268,0.4390343698854337,0.6990228013029316,0.539331490324202,0.6933928598992951,0.8149228130360207,4.625,3.994771438512681,42.5,47.75,8,0,1.0,6,2,0.75
isolation_forest,42,isolation_forest,0.995,test4,39474,1157,0.5202727913856506,0.6852226046592009,0.9476076263136192,0.6865401987353207,0.6568712186689715,0.6713780918727915,760,347,37970,397,5,71,4,4,1,67,0.056338028169014,0.8,0.1052631578947368,0.6865401987353207,0.6568712186689715,0.6713780918727915,0.5859591652414443,0.7175572519083969,4.4,6.2948560691077065,77.5,70.0,4,1,0.8,4,1,0.8
isolation_forest,42,isolation_forest,0.995,test5,92274,2177,0.5202727913856506,0.4252478342992152,0.939027035675514,0.4862940548237807,0.6274689940284796,0.5479342158042518,1366,1443,88654,811,12,81,10,10,2,71,0.1234567901234567,0.8333333333333334,0.2150537634408602,0.4862940548237807,0.6274689940284796,0.5479342158042518,0.5976221762912859,0.6934550093219507,2.4166666666666665,2.83694240651742,32.5,17.0,10,2,0.8333333333333334,10,2,0.8333333333333334
persistence,17,persistence,0.995,test1,43074,629,225130432.0,0.0296046529044112,0.6227522908632719,0.0259740259740259,0.0095389507154213,0.013953488372093,6,225,42220,623,5,135,4,4,1,131,0.0296296296296296,0.8,0.0571428571428571,0.0259740259740259,0.0095389507154213,0.013953488372093,0.0094757534888585,0.0105263157894736,0.8,11.110849334432796,83.5,11.0,0,5,0.0,0,5,0.0
persistence,17,persistence,0.995,test2,118674,3449,225130432.0,0.052173646373079,0.6433403338520868,0.0415973377703826,0.0072484778196578,0.0123456790123456,25,576,114649,3424,20,366,9,9,11,357,0.0245901639344262,0.45,0.0466321243523316,0.0415973377703826,0.0072484778196578,0.0123456790123456,0.0056898693687876,0.0,0.85,11.153829464091997,93.0,100.0,0,20,0.0,0,20,0.0
persistence,17,persistence,0.995,test3,107874,1535,225130432.0,0.0315719598691884,0.6701594553194805,0.0269230769230769,0.0091205211726384,0.013625304136253,14,506,105833,1521,8,311,4,4,4,307,0.0128617363344051,0.5,0.0250783699059561,0.0269230769230769,0.0091205211726384,0.013625304136253,0.0066724674104044,0.0026455026455026,1.125,10.393176539181296,102.5,135.5,0,8,0.0,0,8,0.0
persistence,17,persistence,0.995,test4,39474,1157,225130432.0,0.0800895841432853,0.7321218645286965,0.046875,0.0077787381158167,0.0133432171979243,9,183,38134,1148,5,116,3,3,2,113,0.0258620689655172,0.6,0.0495867768595041,0.046875,0.0077787381158167,0.0133432171979243,0.0077677318859509,0.0076045627376425,1.2,10.61669754939061,97.0,27.0,0,5,0.0,0,5,0.0
persistence,17,persistence,0.995,test5,92274,2177,225130432.0,0.0493560277989736,0.6821531001479858,0.0491400491400491,0.0091869545245751,0.0154798761609907,20,387,89710,2157,12,255,6,6,6,249,0.0235294117647058,0.5,0.0449438202247191,0.0491400491400491,0.0091869545245751,0.0154798761609907,0.0070415029892941,0.0032679738562091,1.1666666666666667,9.9492768904625,71.5,111.0,0,12,0.0,0,12,0.0
t_minus_contrastive,17,reconstruction+prediction,0.995,test1,43074,629,7.060251235961914,0.9085050332318144,0.9862217653407636,0.4563031709203403,0.9379968203497616,0.6139438085327783,590,703,41742,39,5,374,5,5,0,369,0.0133689839572192,1.0,0.0263852242744063,0.4563031709203403,0.9379968203497616,0.6139438085327783,0.9384239642042506,0.9550561797752808,2.0,31.29697255271528,13.0,12.0,5,0,1.0,5,0,1.0
t_minus_contrastive,17,reconstruction+prediction,0.995,test2,118674,3449,7.060251235961914,0.5341441663786041,0.8797022566246118,0.6500994035785288,0.5688605392867497,0.6067728467604762,1962,1056,114169,1487,20,424,19,19,1,405,0.0448113207547169,0.95,0.0855855855855855,0.6500994035785288,0.5688605392867497,0.6067728467604762,0.5818513664287986,0.6430858035894333,3.95,12.653504013885875,24.0,31.5,18,2,0.9,12,8,0.6
t_minus_contrastive,17,reconstruction+prediction,0.995,test3,107874,1535,7.060251235961914,0.7590338818010476,0.9599381891965996,0.44263431542461,0.8319218241042345,0.5778280542986426,1277,1608,104731,258,8,832,8,8,0,824,0.0096153846153846,1.0,0.019047619047619,0.44263431542461,0.8319218241042345,0.5778280542986426,0.8459906410749826,0.9432953883386368,3.5,27.8956920791055,0.0,4.5,8,0,1.0,7,1,0.875
t_minus_contrastive,17,reconstruction+prediction,0.995,test4,39474,1157,7.060251235961914,0.8089536558422581,0.9693296509405944,0.343329886246122,0.8608470181503889,0.4908822079842287,996,1905,36412,161,5,1365,5,5,0,1360,0.0036630036630036,1.0,0.0072992700729927,0.343329886246122,0.8608470181503889,0.4908822079842287,0.87482231715809,0.8783269961977186,6.4,127.77618289532062,1.0,5.0,5,0,1.0,5,0,1.0
t_minus_contrastive,17,reconstruction+prediction,0.995,test5,92274,2177,7.060251235961914,0.6904614365099525,0.935566023367588,0.5500492287495897,0.7698667891593937,0.6416539050535989,1676,1371,88726,501,12,651,12,12,0,639,0.0184331797235023,1.0,0.0361990950226244,0.5500492287495897,0.7698667891593937,0.6416539050535989,0.8128291848867119,0.9283747221953812,2.9166666666666665,25.532481658656778,5.5,18.0,12,0,1.0,10,2,0.8333333333333334
t_minus_contrastive,2026,reconstruction+prediction,0.995,test1,43074,629,6.900136470794678,0.8699917177557182,0.9739045067393864,0.5515151515151515,0.8680445151033387,0.6744904261890056,546,444,42001,83,5,284,5,5,0,279,0.0176056338028169,1.0,0.0346020761245674,0.5515151515151515,0.8680445151033387,0.6744904261890056,0.8925687010463559,0.9210526315789472,1.4,23.663564613028623,15.0,11.0,5,0,1.0,5,0,1.0
t_minus_contrastive,2026,reconstruction+prediction,0.995,test2,118674,3449,6.900136470794678,0.5160522347240171,0.8556122480497365,0.6686452513966481,0.555233400985793,0.6066846190400761,1915,949,114276,1534,20,449,18,18,2,431,0.0400890868596882,0.9,0.0767590618336887,0.6686452513966481,0.555233400985793,0.6066846190400761,0.5794272442207914,0.6337593264771123,2.85,13.465827728357562,24.5,33.75,18,2,0.9,12,8,0.6
t_minus_contrastive,2026,reconstruction+prediction,0.995,test3,107874,1535,6.900136470794678,0.7392124557428058,0.9632533934479652,0.4675276752767527,0.8254071661237785,0.5969375736160188,1267,1443,104896,268,8,804,8,8,0,796,0.0099502487562189,1.0,0.0197044334975369,0.4675276752767527,0.8254071661237785,0.5969375736160188,0.8367119295903888,0.9302744425385936,2.75,26.94778021233978,0.0,6.75,8,0,1.0,7,1,0.875
t_minus_contrastive,2026,reconstruction+prediction,0.995,test4,39474,1157,6.900136470794678,0.8017379365688743,0.9541087316246816,0.4090714591356439,0.8262748487467588,0.5472238122495707,956,1381,36936,201,5,904,5,5,0,899,0.0055309734513274,1.0,0.011001100110011,0.4090714591356439,0.8262748487467588,0.5472238122495707,0.8442057710722256,0.7945736434108527,4.0,84.46381501683325,1.0,5.0,5,0,1.0,5,0,1.0
t_minus_contrastive,2026,reconstruction+prediction,0.995,test5,92274,2177,6.900136470794678,0.701218317251467,0.9377987137417336,0.6040419161676647,0.7413872301332108,0.6657042689214271,1614,1058,89039,563,12,484,12,12,0,472,0.024793388429752,1.0,0.0483870967741935,0.6040419161676647,0.7413872301332108,0.6657042689214271,0.7862279759055882,0.91189970045415,3.1666666666666665,18.859673463045382,6.0,20.75,12,0,1.0,10,2,0.8333333333333334
t_minus_contrastive,42,reconstruction+prediction,0.995,test1,43074,629,6.900559425354004,0.8744781323120647,0.9825569459476314,0.2081128747795414,0.9379968203497616,0.3406466512702078,590,2245,40200,39,5,179,5,5,0,174,0.0279329608938547,1.0,0.0543478260869565,0.2081128747795414,0.9379968203497616,0.3406466512702078,0.937413849632106,0.9550561797752808,1.6,14.75792201672753,4.0,14.0,5,0,1.0,5,0,1.0
t_minus_contrastive,42,reconstruction+prediction,0.995,test2,118674,3449,6.900559425354004,0.5245910402095608,0.8651809206853283,0.6978873239436619,0.5746593215424761,0.6303068850373669,1982,858,114367,1467,20,358,20,20,0,338,0.0558659217877094,1.0,0.1058201058201058,0.6978873239436619,0.5746593215424761,0.6303068850373669,0.5939885708324527,0.6389645089735834,2.85,10.560208288131916,23.0,42.75,18,2,0.9,12,8,0.6
t_minus_contrastive,42,reconstruction+prediction,0.995,test3,107874,1535,6.900559425354004,0.7577672238642832,0.9609005009576496,0.4970737417089348,0.8299674267100977,0.6217667154709615,1274,1289,105050,261,8,681,8,8,0,673,0.0117474302496328,1.0,0.02322206095791,0.4970737417089348,0.8299674267100977,0.6217667154709615,0.8425608600716721,0.9393653516295026,3.5,22.78373879761893,0.0,6.75,8,0,1.0,7,1,0.875
t_minus_contrastive,42,reconstruction+prediction,0.995,test4,39474,1157,6.900559425354004,0.8394085597012322,0.9725671207228224,0.5289855072463768,0.8833189282627485,0.6617028164454516,1022,910,37407,135,5,626,5,5,0,621,0.0079872204472843,1.0,0.0158478605388272,0.5289855072463768,0.8833189282627485,0.6617028164454516,0.8953108867323494,0.9651162790697676,4.0,58.34485998381919,1.0,5.0,5,0,1.0,5,0,1.0
t_minus_contrastive,42,reconstruction+prediction,0.995,test5,92274,2177,6.900559425354004,0.7090199135949545,0.9492276529666244,0.5963768115942029,0.756086357372531,0.6668017014381202,1646,1114,88983,531,12,499,12,12,0,487,0.0240480961923847,1.0,0.0469667318982387,0.5963768115942029,0.756086357372531,0.6668017014381202,0.7973674456403991,0.9055705865300996,3.25,19.45902749259132,1.5,16.5,12,0,1.0,10,2,0.8333333333333334
t_minus_prediction,17,representation+reconstruction,0.995,test1,43074,629,3.356281518936157,0.7867132137840717,0.9751313820316612,0.0788754392815306,0.9634340222575516,0.1458132820019249,606,7077,35368,23,5,812,5,5,0,807,0.0061576354679802,1.0,0.0122399020807833,0.0788754392815306,0.9634340222575516,0.1458132820019249,0.958946644299352,0.963157894736842,1.8,68.44622452585699,0.0,5.0,5,0,1.0,5,0,1.0
t_minus_prediction,17,representation+reconstruction,0.995,test2,118674,3449,3.356281518936157,0.4534510936250114,0.8483316749956799,0.1213056680161943,0.6949840533487968,0.2065578008531173,2397,17363,97862,1052,20,2851,19,19,1,2832,0.0066643283058575,0.95,0.0132358063392546,0.1213056680161943,0.6949840533487968,0.2065578008531173,0.6613635033846206,0.7745803978450062,3.75,88.48079843783901,24.0,33.0,18,2,0.9,15,5,0.75
t_minus_prediction,17,representation+reconstruction,0.995,test3,107874,1535,3.356281518936157,0.6922918516802625,0.942977597948764,0.1910024906600249,0.7993485342019544,0.3083301922352053,1227,5197,101142,308,8,1052,8,8,0,1044,0.0076045627376425,1.0,0.0150943396226415,0.1910024906600249,0.7993485342019544,0.3083301922352053,0.8077828411180967,0.9219513288217632,2.75,35.343571032264734,0.0,4.0,8,0,1.0,6,2,0.75
t_minus_prediction,17,representation+reconstruction,0.995,test4,39474,1157,3.356281518936157,0.465452131011396,0.8055767845225278,0.0408209291835814,0.9386343993085566,0.0782392565109326,1086,25518,12799,71,5,1019,5,5,0,1014,0.0049067713444553,1.0,0.009765625,0.0408209291835814,0.9386343993085566,0.0782392565109326,0.9449687363659404,0.988593155893536,2.0,95.26841871754053,0.0,3.0,5,0,1.0,5,0,1.0
t_minus_prediction,17,representation+reconstruction,0.995,test5,92274,2177,3.356281518936157,0.5836402801566655,0.9009210784299956,0.0766197650769933,0.847955902618282,0.1405405405405405,1846,22247,67850,331,12,2796,12,12,0,2784,0.0042918454935622,1.0,0.0085470085470085,0.0766197650769933,0.847955902618282,0.1405405405405405,0.8621511797603284,0.9637404580152672,3.9166666666666665,111.24010788372532,1.5,9.25,12,0,1.0,11,1,0.9166666666666666
t_minus_prediction,2026,representation+reconstruction,0.995,test1,43074,629,2.8286702632904053,0.7286171796773666,0.9610316989291856,0.0732831836932783,0.960254372019078,0.1361740502761808,604,7638,34807,25,5,801,5,5,0,796,0.0062421972534332,1.0,0.0124069478908188,0.0732831836932783,0.960254372019078,0.1361740502761808,0.9600123100689124,0.9550561797752808,1.0,67.51325244433973,0.0,4.0,5,0,1.0,5,0,1.0
t_minus_prediction,2026,representation+reconstruction,0.995,test2,118674,3449,2.8286702632904053,0.3673545280997507,0.8372689635371842,0.0833756023332488,0.7625398666280081,0.1503157774412025,2630,28914,86311,819,20,2837,19,19,1,2818,0.0066972153683468,0.95,0.0133006650332516,0.0833756023332488,0.7625398666280081,0.1503157774412025,0.7298626454176451,0.8781878591954023,2.85,88.0433933608158,20.0,28.5,18,2,0.9,15,5,0.75
t_minus_prediction,2026,representation+reconstruction,0.995,test3,107874,1535,2.8286702632904053,0.7217773616614837,0.9537538741642833,0.3181155900922778,0.8534201954397395,0.4634707235096409,1310,2808,103531,225,8,542,8,8,0,534,0.014760147601476,1.0,0.029090909090909,0.3181155900922778,0.8534201954397395,0.4634707235096409,0.8526191611877778,0.9470092852515656,1.75,18.078033459031964,0.5,8.25,8,0,1.0,7,1,0.875
t_minus_prediction,2026,representation+reconstruction,0.995,test4,39474,1157,2.8286702632904053,0.4784877580324433,0.8328493986017431,0.0370585764595651,0.9913569576490924,0.0714463685062912,1147,29804,8513,10,5,1123,5,5,0,1118,0.0044523597506678,1.0,0.0088652482269503,0.0370585764595651,0.9913569576490924,0.0714463685062912,0.9913188475486364,0.9916666666666668,2.0,105.0395385860062,0.0,1.0,5,0,1.0,5,0,1.0
t_minus_prediction,2026,representation+reconstruction,0.995,test5,92274,2177,2.8286702632904053,0.522473264951598,0.90566651767024,0.060361630033884,0.9246669728984842,0.1133254517817936,2013,31336,58761,164,12,2079,12,12,0,2067,0.0057720057720057,1.0,0.0114777618364418,0.060361630033884,0.9246669728984842,0.1133254517817936,0.939676742242488,0.9731049174507368,3.0,82.59098527142967,1.0,3.0,12,0,1.0,12,0,1.0
t_minus_prediction,42,representation+reconstruction,0.995,test1,43074,629,3.3784914016723637,0.7840229759113161,0.973610363809445,0.1507024265644955,0.9379968203497616,0.2596830985915492,590,3325,39120,39,5,632,5,5,0,627,0.0079113924050632,1.0,0.0156985871271585,0.1507024265644955,0.9379968203497616,0.2596830985915492,0.9381956596949838,0.9438202247191012,2.0,53.17940864648369,15.0,11.0,5,0,1.0,5,0,1.0
t_minus_prediction,42,representation+reconstruction,0.995,test2,118674,3449,3.3784914016723637,0.4462572114770523,0.8568769613273814,0.2612035851472471,0.5914757900840824,0.3623767652544631,2040,5770,109455,1409,20,1377,17,17,3,1360,0.0123456790123456,0.85,0.0243378668575518,0.2612035851472471,0.5914757900840824,0.3623767652544631,0.5810539650408042,0.6732330106876386,3.2,42.49077891082665,26.0,35.0,16,4,0.8,12,8,0.6
t_minus_prediction,42,representation+reconstruction,0.995,test3,107874,1535,3.3784914016723637,0.6867459636555476,0.9440489917424372,0.263456090651558,0.7876221498371335,0.3948399738732854,1209,3380,102959,326,8,688,8,8,0,680,0.0116279069767441,1.0,0.0229885057471264,0.263456090651558,0.7876221498371335,0.3948399738732854,0.7867721354970446,0.9073756432246998,2.125,23.020716764310365,0.0,10.0,8,0,1.0,6,2,0.75
t_minus_prediction,42,representation+reconstruction,0.995,test4,39474,1157,3.3784914016723637,0.5879250492636945,0.8866913433717619,0.0760243277848911,0.8210890233362144,0.1391635537977001,950,11546,26771,207,5,1581,5,5,0,1576,0.0031625553447185,1.0,0.0063051702395964,0.0760243277848911,0.8210890233362144,0.1391635537977001,0.833761508244424,0.8091603053435115,4.8,148.0700472375186,7.0,15.0,5,0,1.0,5,0,1.0
t_minus_prediction,42,representation+reconstruction,0.995,test5,92274,2177,3.3784914016723637,0.6656650425634907,0.9418555392621322,0.2810273405136702,0.7790537436839687,0.4130540672187043,1696,4339,85758,481,12,1001,12,12,0,989,0.0119880119880119,1.0,0.0236920039486673,0.2810273405136702,0.7790537436839687,0.4130540672187043,0.8079986168976313,0.9125,2.75,39.51740901472857,7.0,11.0,12,0,1.0,11,1,0.9166666666666666
t_minus_reconstruction,17,representation+prediction,0.995,test1,43074,629,3.326329708099365,0.7474390661249387,0.9667962336370588,0.3637713437268003,0.7790143084260731,0.4959514170040486,490,857,41588,139,5,489,5,5,0,484,0.0102249488752556,1.0,0.020242914979757,0.3637713437268003,0.7790143084260731,0.4959514170040486,0.7832568052353999,0.9105263157894736,3.0,41.05077158675933,18.0,20.0,5,0,1.0,4,1,0.8
t_minus_reconstruction,17,representation+prediction,0.995,test2,118674,3449,3.326329708099365,0.494008760127754,0.8753871322518041,0.6608796296296297,0.4966657002029573,0.5671246482370468,1713,879,114346,1736,20,583,20,20,0,563,0.0343053173241852,1.0,0.066334991708126,0.6608796296296297,0.4966657002029573,0.5671246482370468,0.4944863671328869,0.5655959752321982,5.55,17.589932740290735,37.0,33.75,17,3,0.85,11,9,0.55
t_minus_reconstruction,17,representation+prediction,0.995,test3,107874,1535,3.326329708099365,0.6747808376839136,0.9328505299856432,0.6710923355461678,0.7244299674267101,0.6967418546365914,1112,545,105794,423,8,293,8,8,0,285,0.0273037542662116,1.0,0.0531561461794019,0.6710923355461678,0.7244299674267101,0.6967418546365914,0.7244572781738039,0.8439753832865472,2.625,9.648388643865374,6.0,22.0,8,0,1.0,6,2,0.75
t_minus_reconstruction,17,representation+prediction,0.995,test4,39474,1157,3.326329708099365,0.630901609599766,0.9107327809819412,0.1133700895933838,0.8530682800345721,0.2001419446415898,987,7719,30598,170,5,2400,5,5,0,2395,0.0020833333333333,1.0,0.0041580041580041,0.1133700895933838,0.8530682800345721,0.2001419446415898,0.8618787912463848,0.9045801526717556,5.6,225.01761620168597,8.0,24.0,5,0,1.0,5,0,1.0
t_minus_reconstruction,17,representation+prediction,0.995,test5,92274,2177,3.326329708099365,0.627449846601603,0.9294116371866836,0.555681389203473,0.6761598530087276,0.6100290095317032,1472,1177,88920,705,12,722,12,12,0,710,0.0166204986149584,1.0,0.0326975476839237,0.555681389203473,0.6761598530087276,0.6100290095317032,0.7167268110720278,0.8541666666666667,4.916666666666667,28.3694240651742,12.5,24.5,11,1,0.9166666666666666,9,3,0.75
t_minus_reconstruction,2026,representation+prediction,0.995,test1,43074,629,3.256063222885132,0.7867100399350476,0.9630956436469452,0.4693877551020408,0.8044515103338633,0.5928529584065613,506,572,41873,123,5,416,5,5,0,411,0.0120192307692307,1.0,0.0237529691211401,0.4693877551020408,0.8044515103338633,0.5928529584065613,0.7979471024069,0.9210526315789472,3.0,34.85922959123572,15.0,20.0,5,0,1.0,4,1,0.8
t_minus_reconstruction,2026,representation+prediction,0.995,test2,118674,3449,3.256063222885132,0.464038157342324,0.8522211556662275,0.5927461139896373,0.4975355175413163,0.5409836065573771,1716,1179,114046,1733,20,723,20,20,0,703,0.0276625172890733,1.0,0.053835800807537,0.5927461139896373,0.4975355175413163,0.5409836065573771,0.4790107518014183,0.5688854489164087,4.2,21.96398351052289,33.0,35.5,16,4,0.8,11,9,0.55
t_minus_reconstruction,2026,representation+prediction,0.995,test3,107874,1535,3.256063222885132,0.717681418282532,0.9625499979737226,0.5461716937354988,0.7667752442996743,0.637940379403794,1177,978,105361,358,8,614,8,8,0,606,0.013029315960912,1.0,0.0257234726688102,0.5461716937354988,0.7667752442996743,0.637940379403794,0.7681463598729746,0.8967609587562082,4.25,20.51552111642953,0.0,10.25,8,0,1.0,6,2,0.75
t_minus_reconstruction,2026,representation+prediction,0.995,test4,39474,1157,3.256063222885132,0.7381954272690608,0.9594942174715052,0.4553527380365071,0.797752808988764,0.5797738693467336,923,1104,37213,234,5,720,5,5,0,715,0.0069444444444444,1.0,0.0137931034482758,0.4553527380365071,0.797752808988764,0.5797738693467336,0.7841185065451519,0.7709923664122137,10.0,67.17644909570164,22.0,23.0,5,0,1.0,5,0,1.0
t_minus_reconstruction,2026,representation+prediction,0.995,test5,92274,2177,3.256063222885132,0.6273183016487193,0.914935479455616,0.6118338229122954,0.669728984841525,0.6394736842105262,1458,925,89172,719,12,556,12,12,0,544,0.0215827338129496,1.0,0.0422535211267605,0.6118338229122954,0.669728984841525,0.6394736842105262,0.7066839067726235,0.8178797468354431,4.416666666666667,21.736572804865865,14.5,33.75,11,1,0.9166666666666666,9,3,0.75
t_minus_reconstruction,42,representation+prediction,0.995,test1,43074,629,2.9403038024902344,0.799268517820609,0.9634817788137308,0.5378151260504201,0.8139904610492846,0.6476913345983555,512,440,42005,117,5,312,5,5,0,307,0.016025641025641,1.0,0.0315457413249211,0.5378151260504201,0.8139904610492846,0.6476913345983555,0.8181851976449954,0.9210526315789472,2.8,26.03840263870892,15.0,20.0,5,0,1.0,4,1,0.8
t_minus_reconstruction,42,representation+prediction,0.995,test2,118674,3449,2.9403038024902344,0.4827923069895737,0.8683155996993289,0.6548872180451127,0.5050739344737605,0.5703061057456212,1742,918,114307,1707,20,508,19,19,1,489,0.0374015748031496,0.95,0.0719696969696969,0.6548872180451127,0.5050739344737605,0.5703061057456212,0.4893352136379272,0.5655959752321982,4.15,15.27793447602517,31.0,29.0,16,4,0.8,11,9,0.55
t_minus_reconstruction,42,representation+prediction,0.995,test3,107874,1535,2.9403038024902344,0.7033094049193273,0.9482691225986049,0.5927461139896373,0.7452768729641693,0.6603174603174602,1144,786,105553,391,8,392,8,8,0,384,0.0204081632653061,1.0,0.0399999999999999,0.5927461139896373,0.7452768729641693,0.6603174603174602,0.7466887856846822,0.8704707406607644,2.875,12.999934172787029,5.0,19.75,8,0,1.0,6,2,0.75
t_minus_reconstruction,42,representation+prediction,0.995,test4,39474,1157,2.9403038024902344,0.7601929595285967,0.9690412299759577,0.3975180144115292,0.8582541054451167,0.5433652530779755,993,1505,36812,164,5,943,5,5,0,938,0.0053022269353128,1.0,0.010548523206751,0.3975180144115292,0.8582541054451167,0.5433652530779755,0.865769204970505,0.9049429657794676,8.8,88.1279849675079,7.0,19.0,5,0,1.0,5,0,1.0
t_minus_reconstruction,42,representation+prediction,0.995,test5,92274,2177,2.9403038024902344,0.658026705184899,0.936299533322349,0.650043365134432,0.688562241616904,0.6687486058443006,1499,807,89290,678,12,467,12,12,0,455,0.025695931477516,1.0,0.0501043841336116,0.650043365134432,0.688562241616904,0.6687486058443006,0.7228801113865276,0.8241730279898218,4.416666666666667,18.180405562893323,18.5,48.75,12,0,1.0,9,3,0.75
tcn_autoencoder,17,reconstruction,0.995,test1,43074,629,8.173162460327148,0.9042236789522398,0.9829273120868472,0.3072132848988064,0.9411764705882352,0.4632237871674491,592,1335,41110,37,5,841,5,5,0,836,0.0059453032104637,1.0,0.0118203309692671,0.3072132848988064,0.9411764705882352,0.4632237871674491,0.9425933161555576,0.9550561797752808,2.2,70.90587819531157,6.0,10.0,5,0,1.0,5,0,1.0
tcn_autoencoder,17,reconstruction,0.995,test2,118674,3449,8.173162460327148,0.5322592203768837,0.8733267440177332,0.6434181589695256,0.5937953029863728,0.6176115802171289,2048,1135,114090,1401,20,471,20,20,0,451,0.0424628450106157,1.0,0.0814663951120163,0.6434181589695256,0.5937953029863728,0.6176115802171289,0.6091121872702931,0.6262371615312792,2.95,14.090692124105011,21.0,29.75,18,2,0.9,13,7,0.65
tcn_autoencoder,17,reconstruction,0.995,test3,107874,1535,8.173162460327148,0.7239193938452241,0.965460280628546,0.1929418571015331,0.8690553745928339,0.3157770150313646,1334,5580,100759,201,8,2053,8,8,0,2045,0.0038967364831953,1.0,0.0077632217370208,0.1929418571015331,0.8690553745928339,0.3157770150313646,0.8786761252171815,0.9433155080213904,3.875,69.23142026913926,0.0,6.75,8,0,1.0,7,1,0.875
tcn_autoencoder,17,reconstruction,0.995,test4,39474,1157,8.173162460327148,0.8251437208401854,0.9730502734895716,0.4278481012658228,0.8764044943820225,0.5749929118230792,1014,1356,36961,143,5,972,5,5,0,967,0.0051440329218107,1.0,0.0102354145342886,0.4278481012658228,0.8764044943820225,0.5749929118230792,0.8886999609149543,0.9011406844106464,5.2,90.8526241615993,1.0,5.0,5,0,1.0,5,0,1.0
tcn_autoencoder,17,reconstruction,0.995,test5,92274,2177,8.173162460327148,0.7127148114876295,0.9317533434299048,0.5114413075780089,0.7905374368396877,0.6210754240346446,1721,1644,88453,456,12,800,12,12,0,788,0.015,1.0,0.0295566502463054,0.5114413075780089,0.7905374368396877,0.6210754240346446,0.8253426602166406,0.9093873804232292,3.25,31.48606501881305,4.5,14.25,12,0,1.0,11,1,0.9166666666666666
tcn_autoencoder,2026,reconstruction,0.995,test1,43074,629,8.037345886230469,0.8966111479506992,0.9803093913174086,0.4019539427773901,0.9157392686804452,0.5586808923375364,576,857,41588,53,5,501,5,5,0,496,0.0099800399201596,1.0,0.0197628458498023,0.4019539427773901,0.9157392686804452,0.5586808923375364,0.9268929044119126,0.9550561797752808,2.2,42.06855931205089,9.0,10.0,5,0,1.0,5,0,1.0
tcn_autoencoder,2026,reconstruction,0.995,test2,118674,3449,8.037345886230469,0.5578678705622443,0.8803432793541649,0.6606578115117014,0.6056828066106118,0.6319770080169415,2089,1073,114152,1360,20,461,18,18,2,443,0.0390455531453362,0.9,0.0748440748440748,0.6606578115117014,0.6056828066106118,0.6319770080169415,0.601771555322781,0.5927631578947368,3.5,13.840746365806032,24.0,37.25,18,2,0.9,13,7,0.65
tcn_autoencoder,2026,reconstruction,0.995,test3,107874,1535,8.037345886230469,0.7493796047505601,0.9697546960701828,0.463899546564353,0.8664495114006515,0.6042707860063607,1330,1537,104802,205,8,763,8,8,0,755,0.0104849279161205,1.0,0.0207522697795071,0.463899546564353,0.8664495114006515,0.6042707860063607,0.8778645269929861,0.9432953883386368,2.875,25.559766407432832,0.0,2.25,8,0,1.0,7,1,0.875
tcn_autoencoder,2026,reconstruction,0.995,test4,39474,1157,8.037345886230469,0.8180808275094783,0.9783031824608112,0.4182926829268292,0.8893690579083837,0.5689798175283385,1029,1431,36886,128,5,891,5,5,0,886,0.0056116722783389,1.0,0.0111607142857142,0.4182926829268292,0.8893690579083837,0.5689798175283385,0.9006857460501994,0.8992248062015504,5.0,83.24242503327504,1.0,5.0,5,0,1.0,5,0,1.0
tcn_autoencoder,2026,reconstruction,0.995,test5,92274,2177,8.037345886230469,0.7106170769204141,0.9566160457624272,0.5596816976127321,0.7753789618741387,0.650105911804352,1688,1328,88769,489,12,633,12,12,0,621,0.0189573459715639,1.0,0.0372093023255814,0.5596816976127321,0.7753789618741387,0.650105911804352,0.8141912802743466,0.9112957773697944,3.1666666666666665,24.81325682320166,1.5,13.5,12,0,1.0,11,1,0.9166666666666666
tcn_autoencoder,42,reconstruction,0.995,test1,43074,629,8.36269474029541,0.8570889667259053,0.9675534278813264,0.3795975017349063,0.8696343402225755,0.5285024154589372,547,894,41551,82,5,496,5,5,0,491,0.0100806451612903,1.0,0.0199600798403193,0.3795975017349063,0.8696343402225755,0.5285024154589372,0.8958369715420172,0.9315789473684212,2.0,41.64448109317941,13.0,13.0,5,0,1.0,5,0,1.0
tcn_autoencoder,42,reconstruction,0.995,test2,118674,3449,8.36269474029541,0.5129086272526219,0.854124969230534,0.6189454322501533,0.5853870687155698,0.6016987036209209,2019,1243,113982,1430,20,554,19,19,1,535,0.0342960288808664,0.95,0.0662020905923344,0.6189454322501533,0.5853870687155698,0.6016987036209209,0.604474486347378,0.6606170598911071,2.3,16.715122586244306,22.0,35.5,18,2,0.9,13,7,0.65
tcn_autoencoder,42,reconstruction,0.995,test3,107874,1535,8.36269474029541,0.7279159904489432,0.9673740299484106,0.3873901182176417,0.8325732899022801,0.5287546545304096,1278,2021,104318,257,8,1051,8,8,0,1043,0.0076117982873453,1.0,0.0151085930122757,0.3873901182176417,0.8325732899022801,0.5287546545304096,0.8443227011717486,0.9211835334476844,3.875,35.309717037023105,0.0,9.25,8,0,1.0,7,1,0.875
tcn_autoencoder,42,reconstruction,0.995,test4,39474,1157,8.36269474029541,0.7805350805102996,0.9641821606044956,0.3594384927964536,0.8409680207433017,0.5036231884057971,973,1734,36583,184,5,998,5,5,0,993,0.0050100200400801,1.0,0.0099700897308075,0.3594384927964536,0.8409680207433017,0.5036231884057971,0.8572987680029953,0.8410852713178295,4.6,93.29540412871572,1.0,5.0,5,0,1.0,5,0,1.0
tcn_autoencoder,42,reconstruction,0.995,test5,92274,2177,8.36269474029541,0.682775448803369,0.9276435254650696,0.568089430894309,0.7703261368856225,0.6539286410606356,1677,1275,88822,500,12,619,12,12,0,607,0.0193861066235864,1.0,0.0380348652931854,0.568089430894309,0.7703261368856225,0.6539286410606356,0.8117692753994099,0.9176248912938448,2.583333333333333,24.253859728958787,4.5,18.75,12,0,1.0,10,2,0.8333333333333334
tcn_predictor,17,prediction,0.995,test1,43074,629,6.3046040534973145,0.7764278538465449,0.9691973770975664,0.7379767827529021,0.7074721780604134,0.7224025974025975,445,158,42287,184,5,157,5,5,0,152,0.0318471337579617,1.0,0.0617283950617284,0.7379767827529021,0.7074721780604134,0.7224025974025975,0.7493597859013506,0.9052631578947368,4.6,12.891977853693014,16.0,18.0,5,0,1.0,3,2,0.6
tcn_predictor,17,prediction,0.995,test2,118674,3449,6.3046040534973145,0.4600321430677717,0.840627685152922,0.6994984040127679,0.444766599014207,0.5437788018433178,1534,659,114566,1915,20,437,19,19,1,418,0.0434782608695652,0.95,0.0831509846827133,0.6994984040127679,0.444766599014207,0.5437788018433178,0.4577653659431692,0.4857750329047281,6.05,13.05966587112172,34.0,39.0,18,2,0.9,10,10,0.5
tcn_predictor,17,prediction,0.995,test3,107874,1535,6.3046040534973145,0.704523709045746,0.9336488587769808,0.7387566137566137,0.7276872964169381,0.7331801772234986,1117,395,105944,418,8,193,8,8,0,185,0.0414507772020725,1.0,0.0796019900497512,0.7387566137566137,0.7276872964169381,0.7331801772234986,0.729569590361456,0.8546642193910603,2.625,6.262989119702085,5.0,16.5,8,0,1.0,6,2,0.75
tcn_predictor,17,prediction,0.995,test4,39474,1157,6.3046040534973145,0.6889838265189581,0.9135573282147118,0.6621043627031651,0.668971477960242,0.6655202063628547,774,395,37922,383,5,363,5,5,0,358,0.0137741046831955,1.0,0.0271739130434782,0.6621043627031651,0.668971477960242,0.6655202063628547,0.6925694590292376,0.6768060836501901,12.2,33.63520108567999,25.0,7.0,5,0,1.0,5,0,1.0
tcn_predictor,17,prediction,0.995,test5,92274,2177,6.3046040534973145,0.6208826231024067,0.9017953390499064,0.6988076723691031,0.619200734956362,0.6566000974184121,1348,581,89516,829,12,394,12,12,0,382,0.0304568527918781,1.0,0.0591133004926108,0.6988076723691031,0.619200734956362,0.6566000974184121,0.6727168803288648,0.7519365998571053,8.5,15.26354928576978,22.0,46.75,11,1,0.9166666666666666,10,2,0.8333333333333334
tcn_predictor,2026,prediction,0.995,test1,43074,629,6.285185813903809,0.8089529195998786,0.9688883266308724,0.7728758169934641,0.7519872813990461,0.7622884770346495,473,139,42306,156,5,148,5,5,0,143,0.0337837837837837,1.0,0.065359477124183,0.7728758169934641,0.7519872813990461,0.7622884770346495,0.7884521596929723,0.8736842105263158,5.6,12.12863705972435,15.0,20.0,5,0,1.0,5,0,1.0
tcn_predictor,2026,prediction,0.995,test2,118674,3449,6.285185813903809,0.4405229216074255,0.8262572370758964,0.6875891583452212,0.4192519570890113,0.520893371757925,1446,657,114568,2003,20,442,18,18,2,424,0.0407239819004524,0.9,0.0779220779220779,0.6875891583452212,0.4192519570890113,0.520893371757925,0.4301865781608592,0.4476367006487488,6.05,13.247125189845956,34.0,38.75,17,3,0.85,9,11,0.45
tcn_predictor,2026,prediction,0.995,test3,107874,1535,6.285185813903809,0.7076237174382675,0.9416889161523349,0.73046875,0.7309446254071661,0.7307066102246825,1122,414,105925,413,8,204,8,8,0,196,0.0392156862745098,1.0,0.0754716981132075,0.73046875,0.7309446254071661,0.7307066102246825,0.7331802770603779,0.8592096739365148,2.875,6.635383067360047,1.0,12.0,8,0,1.0,6,2,0.75
tcn_predictor,2026,prediction,0.995,test4,39474,1157,6.285185813903809,0.7096609460591116,0.9235126053145924,0.6468285043069695,0.7139152981849611,0.6787181594083813,826,451,37866,331,5,427,5,5,0,422,0.0117096018735363,1.0,0.0231481481481481,0.6468285043069695,0.7139152981849611,0.6787181594083813,0.7421154296437383,0.7262357414448669,13.2,39.64819792781272,5.0,23.0,5,0,1.0,5,0,1.0
tcn_predictor,2026,prediction,0.995,test5,92274,2177,6.285185813903809,0.6369037551609983,0.9037968031076636,0.7001545595054096,0.6242535599448783,0.6600291403593977,1359,582,89515,818,12,404,12,12,0,392,0.0297029702970297,1.0,0.0576923076923076,0.7001545595054096,0.6242535599448783,0.6600291403593977,0.6854298781065079,0.7422159966908586,8.083333333333334,15.663118638800404,10.5,22.75,11,1,0.9166666666666666,10,2,0.8333333333333334
tcn_predictor,42,prediction,0.995,test1,43074,629,6.327261924743652,0.8085433782842787,0.9657622199195032,0.759375,0.7726550079491256,0.7659574468085106,486,154,42291,143,5,144,5,5,0,139,0.0347222222222222,1.0,0.0671140939597315,0.759375,0.7726550079491256,0.7659574468085106,0.7970419377094421,0.8947368421052632,4.0,11.789374484627164,15.0,19.0,5,0,1.0,5,0,1.0
tcn_predictor,42,prediction,0.995,test2,118674,3449,6.327261924743652,0.4527338031000212,0.829446002410225,0.6985061113626075,0.4473760510292838,0.5454224107458466,1543,666,114559,1906,20,432,18,18,2,414,0.0416666666666666,0.9,0.079646017699115,0.6985061113626075,0.4473760510292838,0.5454224107458466,0.4565767373639645,0.5052359405300582,5.55,12.934692991972229,41.0,63.25,17,3,0.85,10,10,0.5
tcn_predictor,42,prediction,0.995,test3,107874,1535,6.327261924743652,0.721120936497953,0.9533627949677131,0.7371541501976284,0.7289902280130293,0.7330494595479855,1119,399,105940,416,8,196,8,8,0,188,0.0408163265306122,1.0,0.0784313725490195,0.7371541501976284,0.7289902280130293,0.7330494595479855,0.732922798652138,0.8590045346577413,3.0,6.364551105426983,5.5,16.5,8,0,1.0,6,2,0.75
tcn_predictor,42,prediction,0.995,test4,39474,1157,6.327261924743652,0.7269012083135926,0.921592851554118,0.6750202101859337,0.7216940363007779,0.6975772765246449,835,402,37915,322,5,358,5,5,0,353,0.0139664804469273,1.0,0.0275482093663911,0.6750202101859337,0.7216940363007779,0.6975772765246449,0.7465503247385262,0.7131782945736435,10.6,33.16543570738836,22.0,22.0,5,0,1.0,5,0,1.0
tcn_predictor,42,prediction,0.995,test5,92274,2177,6.327261924743652,0.643564709574718,0.8976710825048667,0.7076228686058175,0.6481396417087736,0.6765763605849917,1411,583,89514,766,12,398,12,12,0,386,0.0301507537688442,1.0,0.0585365853658536,0.7076228686058175,0.6481396417087736,0.6765763605849917,0.6981540934560316,0.827605008836912,7.166666666666667,15.42337702698203,12.5,24.5,11,1,0.9166666666666666,10,2,0.8333333333333334
